PLAYER NAME,DATE,MIN,PTS,REB,TOV
Aaron Gordon,2023-10-30,33,21,7,3.0
Aaron Gordon,2023-11-04,35,15,12,3.0
Aaron Gordon,2023-11-20,37,11,9,2.0
Aaron Gordon,2023-12-12,32,14,7,0.0
Aaron Gordon,2023-12-23,32,14,2,2.0
Aaron Gordon,2024-01-05,36,16,8,1.0
Aaron Gordon,2024-02-09,27,14,3,2.0
Aaron Gordon,2024-02-23,28,8,2,3.0
Aaron Gordon,2024-02-29,37,16,9,4.0
Amen Thompson,2023-12-23,10,2,0,0.0
Amen Thompson,2023-12-27,17,2,4,0.0
Amen Thompson,2024-01-06,16,4,3,1.0
Amen Thompson,2024-01-13,25,10,10,4.0
Amen Thompson,2024-01-21,32,15,14,2.0
Amen Thompson,2024-01-27,15,5,4,2.0
Amen Thompson,2024-02-10,33,12,11,2.0
Amen Thompson,2024-02-23,33,15,10,0.0
Amen Thompson,2024-03-06,18,6,3,0.0
Amen Thompson,2024-04-12,35,17,15,2.0
Andre Drummond,2023-10-28,14,2,5,0.0
Andre Drummond,2023-11-04,15,5,11,0.0
Andre Drummond,2023-11-13,12,4,3,1.0
Andre Drummond,2023-11-18,15,6,9,1.0
Andre Drummond,2023-12-12,14,8,4,1.0
Andre Drummond,2023-12-21,19,12,8,1.0
Andre Drummond,2024-01-03,30,13,16,1.0
Andre Drummond,2024-01-13,17,7,10,0.0
Andre Drummond,2024-01-31,15,10,8,0.0
Andre Drummond,2024-02-28,36,17,26,3.0
Andre Drummond,2024-03-07,13,1,7,2.0
Andre Drummond,2024-03-14,16,15,7,0.0
Andre Drummond,2024-04-01,20,13,18,1.0
Anthony Davis,2023-10-30,38,26,19,1.0
Anthony Davis,2023-11-15,35,9,9,5.0
Anthony Davis,2023-11-22,36,10,13,3.0
Anthony Davis,2023-11-30,36,31,14,0.0
Anthony Davis,2023-12-13,38,37,10,2.0
Anthony Davis,2023-12-21,39,31,8,1.0
Anthony Davis,2023-12-31,35,20,10,3.0
Anthony Davis,2024-02-09,29,20,6,3.0
Anthony Davis,2024-02-14,38,37,15,2.0
Anthony Davis,2024-02-23,29,28,13,1.0
Anthony Davis,2024-02-29,41,40,15,1.0
Anthony Davis,2024-04-03,38,35,18,2.0
Anthony Davis,2024-04-07,12,4,4,1.0
Anthony Edwards,2023-11-15,31,13,4,1.0
Anthony Edwards,2023-12-21,38,27,7,5.0
Anthony Edwards,2024-01-10,46,29,6,5.0
Anthony Edwards,2024-01-18,34,28,5,3.0
Anthony Edwards,2024-01-25,36,24,1,3.0
Anthony Edwards,2024-02-13,34,41,4,2.0
Anthony Edwards,2024-02-24,38,29,8,1.0
Anthony Edwards,2024-02-28,40,34,2,3.0
Anthony Edwards,2024-03-04,35,13,4,2.0
Anthony Edwards,2024-03-08,42,19,5,5.0
Anthony Edwards,2024-03-19,38,30,8,3.0
Anthony Edwards,2024-04-03,30,28,3,0.0
Anthony Edwards,2024-04-10,35,25,2,1.0
Ausar Thompson,2023-10-28,31,9,12,2.0
Ausar Thompson,2023-11-02,25,16,7,3.0
Ausar Thompson,2023-11-06,38,16,7,1.0
Ausar Thompson,2023-11-20,24,8,7,0.0
Ausar Thompson,2023-11-30,13,3,7,3.0
Ausar Thompson,2023-12-16,24,7,6,0.0
Ausar Thompson,2024-02-08,29,6,5,0.0
Ausar Thompson,2024-02-14,29,14,7,0.0
Ausar Thompson,2024-02-27,35,13,8,1.0
Austin Reaves,2023-10-30,31,11,3,3.0
Austin Reaves,2023-11-15,34,9,11,4.0
Austin Reaves,2023-11-22,31,17,6,2.0
Austin Reaves,2023-11-30,29,14,2,2.0
Austin Reaves,2023-12-13,29,15,4,1.0
Austin Reaves,2023-12-21,27,20,8,4.0
Austin Reaves,2023-12-31,36,20,2,0.0
Austin Reaves,2024-01-30,32,28,0,2.0
Austin Reaves,2024-02-09,31,27,2,0.0
Austin Reaves,2024-02-14,34,22,4,3.0
Austin Reaves,2024-02-23,33,10,5,5.0
Austin Reaves,2024-02-29,39,12,6,1.0
Austin Reaves,2024-03-27,35,13,2,2.0
Austin Reaves,2024-04-03,35,16,4,1.0
Austin Reaves,2024-04-07,35,14,3,4.0
Bam Adebayo,2023-10-28,33,19,3,4.0
Bam Adebayo,2023-11-12,34,24,11,0.0
Bam Adebayo,2024-01-15,44,11,20,2.0
Bam Adebayo,2024-01-25,29,19,5,0.0
Bam Adebayo,2024-02-07,29,20,5,1.0
Bam Adebayo,2024-02-14,39,23,13,2.0
Bam Adebayo,2024-02-27,34,13,9,6.0
Bam Adebayo,2024-03-08,31,5,10,4.0
Bam Adebayo,2024-03-18,32,20,13,4.0
Bam Adebayo,2024-04-05,33,18,12,1.0
Bam Adebayo,2024-04-10,30,8,3,0.0
Bobby Portis,2023-10-30,19,16,8,0.0
Bobby Portis,2023-11-09,24,11,8,3.0
Bobby Portis,2023-11-18,22,11,7,0.0
Bobby Portis,2023-12-17,25,11,6,0.0
Bobby Portis,2024-01-04,21,5,4,2.0
Bobby Portis,2024-01-14,26,22,10,2.0
Bobby Portis,2024-01-27,22,20,7,1.0
Bobby Portis,2024-02-04,36,27,7,1.0
Bobby Portis,2024-02-09,21,18,7,1.0
Bobby Portis,2024-02-13,26,16,4,0.0
Bobby Portis,2024-03-01,26,11,9,0.0
Bobby Portis,2024-03-21,30,6,9,0.0
Bobby Portis,2024-04-03,28,19,7,0.0
Bobby Portis,2024-04-10,30,30,9,4.0
Brandon Ingram,2023-11-18,34,30,7,4.0
Brandon Ingram,2023-11-25,37,26,6,1.0
Brandon Ingram,2023-12-02,36,23,6,2.0
Brandon Ingram,2024-01-03,32,19,4,3.0
Brandon Ingram,2024-01-27,28,26,6,1.0
Brandon Ingram,2024-02-10,36,17,4,5.0
Brandon Ingram,2024-02-28,29,30,6,1.0
Brandon Ingram,2024-03-16,35,22,7,1.0
CJ McCollum,2023-11-04,37,43,2,3.0
CJ McCollum,2023-11-09,38,29,6,2.0
CJ McCollum,2023-11-22,34,33,3,3.0
CJ McCollum,2023-12-21,38,17,4,4.0
CJ McCollum,2024-01-06,35,17,6,4.0
CJ McCollum,2024-02-02,22,14,3,5.0
CJ McCollum,2024-02-26,32,9,0,1.0
CJ McCollum,2024-03-13,38,17,3,2.0
CJ McCollum,2024-03-25,31,21,1,3.0
Cade Cunningham,2023-10-28,40,25,4,6.0
Cade Cunningham,2023-11-02,34,22,2,6.0
Cade Cunningham,2023-11-06,40,21,4,5.0
Cade Cunningham,2023-11-20,38,27,2,5.0
Cade Cunningham,2023-11-30,37,31,2,7.0
Cade Cunningham,2023-12-16,31,25,1,2.0
Cade Cunningham,2024-02-14,26,13,4,5.0
Cade Cunningham,2024-02-27,36,26,5,3.0
Cam Thomas,2023-11-04,37,27,5,0.0
Cam Thomas,2023-12-14,27,13,3,0.0
Cam Thomas,2023-12-23,28,20,2,2.0
Cam Thomas,2023-12-27,12,8,0,0.0
Cam Thomas,2024-01-03,17,4,0,1.0
Cam Thomas,2024-02-06,37,16,8,2.0
Cam Thomas,2024-02-14,25,5,1,1.0
Cam Thomas,2024-03-10,31,29,7,1.0
Cam Thomas,2024-03-17,39,31,3,0.0
Cam Thomas,2024-04-01,29,22,1,1.0
Cam Thomas,2024-04-07,36,21,4,4.0
Chet Holmgren,2023-10-30,24,14,4,3.0
Chet Holmgren,2023-11-19,20,16,6,0.0
Chet Holmgren,2023-12-27,30,22,5,0.0
Chet Holmgren,2024-01-03,25,12,3,4.0
Chet Holmgren,2024-01-11,20,19,4,0.0
Chet Holmgren,2024-01-16,33,8,5,1.0
Chet Holmgren,2024-01-24,30,17,9,3.0
Chet Holmgren,2024-01-29,32,4,7,2.0
Chet Holmgren,2024-02-11,31,14,4,2.0
Chet Holmgren,2024-02-23,23,25,10,3.0
Chet Holmgren,2024-03-04,28,15,7,0.0
Chet Holmgren,2024-03-27,18,2,7,5.0
Chet Holmgren,2024-04-03,27,11,7,1.0
Chet Holmgren,2024-04-10,15,9,6,0.0
Clint Capela,2023-10-30,23,2,5,1.0
Clint Capela,2023-11-15,26,8,3,0.0
Clint Capela,2023-11-22,27,14,15,0.0
Clint Capela,2023-11-26,21,4,8,1.0
Clint Capela,2023-12-23,30,20,12,1.0
Clint Capela,2024-01-13,24,4,8,0.0
Clint Capela,2024-01-20,22,6,9,2.0
Clint Capela,2024-02-03,25,17,15,1.0
Clint Capela,2024-03-06,23,8,9,0.0
Clint Capela,2024-03-18,20,10,9,1.0
Clint Capela,2024-03-28,33,12,13,2.0
Clint Capela,2024-04-04,29,6,13,5.0
Clint Capela,2024-04-10,21,15,6,0.0
Coby White,2023-10-28,28,0,2,1.0
Coby White,2023-11-04,31,11,2,2.0
Coby White,2023-11-13,26,16,3,1.0
Coby White,2023-11-18,29,14,3,3.0
Coby White,2023-12-12,35,27,4,2.0
Coby White,2023-12-21,36,22,6,3.0
Coby White,2024-01-03,38,26,4,3.0
Coby White,2024-01-13,32,15,2,0.0
Coby White,2024-01-31,43,35,7,3.0
Coby White,2024-02-28,50,14,8,3.0
Coby White,2024-03-07,37,20,4,2.0
Coby White,2024-04-01,39,22,3,1.0
Coby White,2024-04-12,27,20,4,1.0
Collin Sexton,2023-10-28,23,14,2,2.0
Collin Sexton,2023-11-22,11,1,2,2.0
Collin Sexton,2023-11-30,23,14,3,3.0
Collin Sexton,2023-12-14,32,27,2,2.0
Collin Sexton,2023-12-21,32,19,4,3.0
Collin Sexton,2024-01-06,27,22,3,5.0
Collin Sexton,2024-01-13,28,27,4,1.0
Collin Sexton,2024-01-30,28,22,3,2.0
Collin Sexton,2024-02-15,34,35,3,3.0
Collin Sexton,2024-03-16,31,22,2,5.0
Collin Sexton,2024-03-21,34,20,4,3.0
D'Angelo Russell,2023-10-30,36,28,2,3.0
D'Angelo Russell,2023-11-15,35,28,5,2.0
D'Angelo Russell,2023-11-22,24,15,3,1.0
D'Angelo Russell,2023-11-30,32,16,3,2.0
D'Angelo Russell,2023-12-13,33,12,3,3.0
D'Angelo Russell,2023-12-21,38,17,4,4.0
D'Angelo Russell,2024-01-30,27,9,1,2.0
D'Angelo Russell,2024-02-14,33,11,9,2.0
D'Angelo Russell,2024-02-23,35,22,3,1.0
D'Angelo Russell,2024-02-29,44,22,6,3.0
D'Angelo Russell,2024-03-27,29,23,2,4.0
D'Angelo Russell,2024-04-03,38,18,3,2.0
D'Angelo Russell,2024-04-07,39,15,7,1.0
Damian Lillard,2023-10-30,35,25,5,4.0
Damian Lillard,2023-11-18,38,27,3,1.0
Damian Lillard,2023-12-17,37,39,5,3.0
Damian Lillard,2024-01-04,39,25,4,0.0
Damian Lillard,2024-01-14,41,29,4,4.0
Damian Lillard,2024-01-27,29,26,6,0.0
Damian Lillard,2024-02-04,38,12,0,3.0
Damian Lillard,2024-02-13,32,16,2,3.0
Damian Lillard,2024-03-01,33,16,3,3.0
Damian Lillard,2024-03-21,37,30,3,4.0
Damian Lillard,2024-04-10,34,29,6,4.0
Daniel Gafford,2023-11-13,26,14,9,2.0
Daniel Gafford,2023-11-25,18,12,4,0.0
Daniel Gafford,2023-12-18,25,8,5,0.0
Daniel Gafford,2023-12-22,23,15,4,1.0
Daniel Gafford,2023-12-27,30,12,8,0.0
Daniel Gafford,2024-01-06,31,6,12,1.0
Daniel Gafford,2024-01-25,31,13,9,0.0
Daniel Gafford,2024-02-28,25,13,7,4.0
Daniel Gafford,2024-03-14,26,19,15,2.0
Daniel Gafford,2024-03-26,22,10,4,1.0
Daniel Gafford,2024-04-05,31,10,15,2.0
Daniel Gafford,2024-04-10,26,12,5,0.0
Day'Ron Sharpe,2023-11-04,17,11,7,2.0
Day'Ron Sharpe,2023-11-26,27,9,9,1.0
Day'Ron Sharpe,2023-12-14,26,8,13,3.0
Day'Ron Sharpe,2023-12-23,18,11,3,1.0
Day'Ron Sharpe,2023-12-27,16,12,4,0.0
Day'Ron Sharpe,2024-01-03,20,11,12,1.0
Day'Ron Sharpe,2024-02-14,13,7,3,2.0
Day'Ron Sharpe,2024-02-27,14,4,6,0.0
Day'Ron Sharpe,2024-03-10,17,4,3,0.0
Day'Ron Sharpe,2024-03-17,19,15,3,1.0
Day'Ron Sharpe,2024-04-01,13,6,11,2.0
Day'Ron Sharpe,2024-04-07,24,4,4,1.0
De'Aaron Fox,2023-11-20,29,14,2,2.0
De'Aaron Fox,2023-11-29,38,40,5,4.0
De'Aaron Fox,2023-12-12,25,14,3,4.0
De'Aaron Fox,2023-12-23,39,27,4,3.0
De'Aaron Fox,2024-01-03,44,15,4,3.0
De'Aaron Fox,2024-01-10,28,19,1,1.0
De'Aaron Fox,2024-02-03,35,41,4,3.0
De'Aaron Fox,2024-02-14,43,30,8,1.0
De'Aaron Fox,2024-02-26,39,27,8,7.0
De'Aaron Fox,2024-03-07,35,33,5,1.0
De'Aaron Fox,2024-03-13,35,21,4,2.0
De'Aaron Fox,2024-03-21,37,25,5,3.0
De'Aaron Fox,2024-03-26,32,18,5,3.0
De'Aaron Fox,2024-04-05,44,40,4,1.0
De'Aaron Fox,2024-04-12,41,23,5,2.0
DeMar DeRozan,2023-10-28,32,20,2,1.0
DeMar DeRozan,2023-11-04,34,17,3,0.0
DeMar DeRozan,2023-11-13,37,11,4,1.0
DeMar DeRozan,2023-11-18,40,23,4,3.0
DeMar DeRozan,2023-12-12,37,14,4,0.0
DeMar DeRozan,2023-12-21,36,21,4,0.0
DeMar DeRozan,2024-01-03,39,28,3,0.0
DeMar DeRozan,2024-01-13,34,20,4,0.0
DeMar DeRozan,2024-01-31,38,15,4,2.0
DeMar DeRozan,2024-02-28,49,35,10,0.0
DeMar DeRozan,2024-03-07,39,33,8,1.0
DeMar DeRozan,2024-03-14,36,21,5,5.0
DeMar DeRozan,2024-04-01,39,31,2,3.0
Dejounte Murray,2023-10-30,39,41,7,3.0
Dejounte Murray,2023-11-15,32,13,5,1.0
Dejounte Murray,2023-11-22,39,20,6,1.0
Dejounte Murray,2023-11-26,34,6,4,3.0
Dejounte Murray,2023-12-16,37,21,3,0.0
Dejounte Murray,2023-12-23,35,26,4,3.0
Dejounte Murray,2024-01-13,31,13,5,2.0
Dejounte Murray,2024-01-20,35,24,9,2.0
Dejounte Murray,2024-02-03,41,19,5,2.0
Dejounte Murray,2024-03-06,39,18,2,3.0
Dejounte Murray,2024-03-18,31,13,5,2.0
Dejounte Murray,2024-03-28,47,44,7,3.0
Dejounte Murray,2024-04-04,35,16,5,4.0
Deni Avdija,2023-11-13,30,9,8,4.0
Deni Avdija,2023-11-25,17,9,6,3.0
Deni Avdija,2023-12-18,23,9,5,2.0
Deni Avdija,2023-12-22,20,7,4,0.0
Deni Avdija,2023-12-27,24,12,2,0.0
Deni Avdija,2024-01-06,33,23,10,4.0
Deni Avdija,2024-01-21,18,4,8,2.0
Deni Avdija,2024-01-25,27,13,6,3.0
Deni Avdija,2024-02-10,39,21,13,5.0
Deni Avdija,2024-03-01,26,14,5,2.0
Deni Avdija,2024-04-03,22,7,2,2.0
Devin Booker,2023-11-22,31,25,8,3.0
Devin Booker,2023-12-13,40,34,6,2.0
Devin Booker,2024-01-01,31,10,8,2.0
Devin Booker,2024-01-08,34,20,0,6.0
Devin Booker,2024-01-22,41,16,4,2.0
Devin Booker,2024-01-29,41,22,8,0.0
Devin Booker,2024-02-14,5,7,1,1.0
Devin Booker,2024-02-23,36,25,5,1.0
Devin Booker,2024-03-15,36,21,6,2.0
Devin Booker,2024-03-21,32,30,4,2.0
Devin Booker,2024-04-10,39,37,1,1.0
Devin Vassell,2023-12-01,27,14,0,3.0
Devin Vassell,2023-12-29,31,22,3,0.0
Devin Vassell,2024-01-13,34,5,4,2.0
Devin Vassell,2024-01-20,34,21,5,4.0
Devin Vassell,2024-01-27,36,25,4,2.0
Devin Vassell,2024-02-03,34,22,6,0.0
Devin Vassell,2024-02-08,35,30,5,2.0
Devin Vassell,2024-02-23,30,10,3,2.0
Devin Vassell,2024-03-12,36,6,5,2.0
Devin Vassell,2024-03-23,24,2,3,1.0
Domantas Sabonis,2023-11-20,31,10,10,5.0
Domantas Sabonis,2023-11-29,31,11,5,1.0
Domantas Sabonis,2023-12-12,26,15,10,2.0
Domantas Sabonis,2023-12-23,39,17,10,3.0
Domantas Sabonis,2024-01-03,46,22,23,6.0
Domantas Sabonis,2024-01-10,28,24,10,2.0
Domantas Sabonis,2024-02-03,39,13,14,6.0
Domantas Sabonis,2024-02-14,38,20,13,5.0
Domantas Sabonis,2024-02-26,40,14,14,3.0
Domantas Sabonis,2024-03-07,38,31,17,4.0
Domantas Sabonis,2024-03-13,38,17,19,2.0
Domantas Sabonis,2024-03-21,39,14,14,6.0
Domantas Sabonis,2024-03-26,31,12,11,4.0
Domantas Sabonis,2024-04-05,34,16,16,2.0
Domantas Sabonis,2024-04-12,42,25,12,2.0
Franz Wagner,2023-10-31,32,14,8,3.0
Franz Wagner,2023-11-15,31,13,2,1.0
Franz Wagner,2023-11-22,31,27,3,1.0
Franz Wagner,2023-12-02,34,20,7,1.0
Franz Wagner,2023-12-21,39,29,6,2.0
Franz Wagner,2023-12-27,36,24,5,4.0
Franz Wagner,2024-01-03,5,6,2,0.0
Franz Wagner,2024-01-22,24,17,3,3.0
Franz Wagner,2024-01-29,32,21,5,0.0
Franz Wagner,2024-02-14,32,21,3,1.0
Franz Wagner,2024-02-25,33,19,8,2.0
Franz Wagner,2024-03-06,39,28,5,1.0
Franz Wagner,2024-03-30,29,13,4,0.0
Giannis Antetokounmpo,2023-10-30,32,33,7,2.0
Giannis Antetokounmpo,2023-11-09,36,54,12,8.0
Giannis Antetokounmpo,2023-11-18,38,40,15,3.0
Giannis Antetokounmpo,2023-12-17,39,26,17,6.0
Giannis Antetokounmpo,2024-01-04,40,44,14,1.0
Giannis Antetokounmpo,2024-01-14,40,27,10,4.0
Giannis Antetokounmpo,2024-01-27,29,30,12,1.0
Giannis Antetokounmpo,2024-02-04,40,33,7,5.0
Giannis Antetokounmpo,2024-02-09,24,15,14,0.0
Giannis Antetokounmpo,2024-02-13,34,23,11,5.0
Giannis Antetokounmpo,2024-03-01,37,46,16,1.0
Giannis Antetokounmpo,2024-04-03,32,21,7,3.0
Isaiah Hartenstein,2023-10-28,15,4,3,0.0
Isaiah Hartenstein,2023-11-01,16,0,6,2.0
Isaiah Hartenstein,2023-11-13,15,3,3,0.0
Isaiah Hartenstein,2023-11-18,15,4,7,1.0
Isaiah Hartenstein,2023-12-01,16,4,8,0.0
Isaiah Hartenstein,2023-12-16,30,12,10,3.0
Isaiah Hartenstein,2023-12-30,33,2,9,1.0
Isaiah Hartenstein,2024-01-06,39,8,19,5.0
Isaiah Hartenstein,2024-01-18,39,6,17,2.0
Isaiah Hartenstein,2024-01-30,29,14,12,1.0
Isaiah Hartenstein,2024-04-05,30,10,7,4.0
Ivica Zubac,2023-11-01,29,7,9,1.0
Ivica Zubac,2023-11-25,23,11,14,1.0
Ivica Zubac,2023-11-30,27,18,13,0.0
Ivica Zubac,2023-12-12,23,6,9,1.0
Ivica Zubac,2023-12-21,17,6,3,0.0
Ivica Zubac,2024-01-08,28,19,8,0.0
Ivica Zubac,2024-02-23,27,10,10,0.0
Ivica Zubac,2024-03-04,24,6,11,2.0
Ivica Zubac,2024-03-10,26,18,6,1.0
Ivica Zubac,2024-03-15,33,9,11,1.0
Ivica Zubac,2024-03-25,24,9,11,0.0
Ivica Zubac,2024-04-05,24,12,10,0.0
Jabari Smith Jr.,2023-11-20,32,17,9,2.0
Jabari Smith Jr.,2023-11-29,32,15,7,0.0
Jabari Smith Jr.,2023-12-18,23,5,7,2.0
Jabari Smith Jr.,2023-12-23,37,26,11,1.0
Jabari Smith Jr.,2023-12-27,22,9,3,1.0
Jabari Smith Jr.,2024-01-06,40,14,12,1.0
Jabari Smith Jr.,2024-01-13,27,9,6,2.0
Jabari Smith Jr.,2024-02-10,37,9,10,3.0
Jabari Smith Jr.,2024-02-23,41,22,16,1.0
Jabari Smith Jr.,2024-03-06,29,19,2,0.0
Jabari Smith Jr.,2024-04-05,32,15,8,1.0
Jabari Smith Jr.,2024-04-12,32,8,5,1.0
Jabari Walker,2023-10-30,16,4,3,1.0
Jabari Walker,2023-11-15,23,12,3,2.0
Jabari Walker,2023-11-22,28,19,10,1.0
Jabari Walker,2023-11-27,15,1,3,1.0
Jabari Walker,2023-12-17,15,4,5,1.0
Jabari Walker,2023-12-29,30,25,9,1.0
Jabari Walker,2024-01-24,24,9,7,2.0
Jabari Walker,2024-01-29,31,8,12,1.0
Jabari Walker,2024-03-02,31,18,12,2.0
Jabari Walker,2024-03-23,26,15,9,1.0
Jabari Walker,2024-04-12,14,9,5,1.0
Jaden Ivey,2023-10-28,22,7,0,2.0
Jaden Ivey,2023-11-02,22,12,7,2.0
Jaden Ivey,2023-11-20,30,17,4,4.0
Jaden Ivey,2023-11-30,13,5,2,1.0
Jaden Ivey,2023-12-16,28,13,4,1.0
Jaden Ivey,2024-01-10,30,19,3,1.0
Jaden Ivey,2024-01-28,35,19,8,0.0
Jaden Ivey,2024-02-08,48,26,3,6.0
Jaden Ivey,2024-02-14,15,2,0,2.0
Jaden Ivey,2024-02-27,34,15,2,4.0
Jaden Ivey,2024-03-18,29,21,5,3.0
Jaden Ivey,2024-03-25,24,9,4,2.0
Jaden Ivey,2024-04-06,31,16,4,0.0
Jaden Ivey,2024-04-12,28,7,1,2.0
Jalen Brunson,2023-10-28,31,14,4,1.0
Jalen Brunson,2023-11-01,39,24,4,1.0
Jalen Brunson,2023-11-13,39,26,3,2.0
Jalen Brunson,2023-11-18,39,32,4,2.0
Jalen Brunson,2023-12-01,37,22,5,2.0
Jalen Brunson,2023-12-16,34,22,7,2.0
Jalen Brunson,2023-12-30,41,28,1,4.0
Jalen Brunson,2024-01-06,35,33,3,2.0
Jalen Brunson,2024-01-18,40,41,8,6.0
Jalen Brunson,2024-01-30,38,29,3,0.0
Jalen Brunson,2024-04-05,42,35,6,5.0
Jalen Brunson,2024-04-12,37,30,1,0.0
Jalen Duren,2023-10-28,33,23,15,1.0
Jalen Duren,2023-11-30,34,10,12,2.0
Jalen Duren,2024-01-10,30,21,12,1.0
Jalen Duren,2024-01-28,31,22,21,1.0
Jalen Duren,2024-02-08,37,27,22,3.0
Jalen Duren,2024-02-14,23,7,9,1.0
Jalen Duren,2024-02-27,31,14,10,5.0
Jalen Duren,2024-03-18,22,8,9,2.0
Jalen Green,2023-11-20,23,16,3,1.0
Jalen Green,2023-11-29,34,26,6,2.0
Jalen Green,2023-12-18,34,12,6,2.0
Jalen Green,2023-12-23,22,9,4,5.0
Jalen Green,2023-12-27,26,23,5,2.0
Jalen Green,2024-01-06,28,16,4,1.0
Jalen Green,2024-01-13,20,10,3,1.0
Jalen Green,2024-01-21,32,16,4,3.0
Jalen Green,2024-01-27,33,19,10,1.0
Jalen Green,2024-02-10,37,26,14,5.0
Jalen Green,2024-02-23,21,14,3,3.0
Jalen Green,2024-03-06,32,15,3,3.0
Jalen Green,2024-04-05,38,21,7,3.0
Jalen Green,2024-04-12,35,26,9,3.0
Jalen Williams,2023-10-30,31,19,7,2.0
Jalen Williams,2023-12-27,33,36,0,0.0
Jalen Williams,2024-01-03,35,21,3,2.0
Jalen Williams,2024-01-11,19,21,7,1.0
Jalen Williams,2024-01-16,33,25,3,4.0
Jalen Williams,2024-01-24,29,13,5,0.0
Jalen Williams,2024-01-29,33,20,2,2.0
Jalen Williams,2024-02-11,37,32,8,2.0
Jalen Williams,2024-02-23,20,11,2,1.0
Jalen Williams,2024-03-04,26,7,2,1.0
Jalen Williams,2024-03-27,38,23,5,5.0
Jalen Williams,2024-04-10,24,10,7,1.0
Jamal Murray,2023-10-30,37,18,3,3.0
Jamal Murray,2023-11-04,10,2,2,0.0
Jamal Murray,2023-12-23,33,20,12,1.0
Jamal Murray,2023-12-29,36,9,3,2.0
Jamal Murray,2024-01-05,33,20,7,3.0
Jamal Murray,2024-02-09,26,12,1,6.0
Jamal Murray,2024-02-29,14,6,1,1.0
Jamal Murray,2024-04-10,27,20,4,4.0
James Harden,2023-11-25,28,8,4,2.0
James Harden,2023-11-30,37,18,3,1.0
James Harden,2023-12-12,28,15,6,2.0
James Harden,2023-12-21,34,23,9,3.0
James Harden,2024-01-08,30,19,7,3.0
James Harden,2024-01-27,27,9,8,1.0
James Harden,2024-02-05,39,30,8,2.0
James Harden,2024-02-23,39,9,8,4.0
James Harden,2024-03-04,37,29,4,3.0
James Harden,2024-03-10,36,13,5,5.0
James Harden,2024-03-25,34,11,3,1.0
James Harden,2024-04-05,33,13,10,5.0
Jaren Jackson Jr.,2023-10-28,31,16,5,1.0
Jaren Jackson Jr.,2023-11-19,34,17,8,2.0
Jaren Jackson Jr.,2023-12-02,35,37,9,4.0
Jaren Jackson Jr.,2023-12-19,30,24,6,2.0
Jaren Jackson Jr.,2023-12-29,37,22,2,1.0
Jaren Jackson Jr.,2024-01-03,37,24,4,3.0
Jaren Jackson Jr.,2024-01-29,32,22,3,3.0
Jaren Jackson Jr.,2024-02-02,31,27,5,2.0
Jarrett Allen,2023-11-22,23,4,4,3.0
Jarrett Allen,2023-11-26,27,18,4,2.0
Jarrett Allen,2023-12-12,37,14,5,2.0
Jarrett Allen,2023-12-21,27,14,7,1.0
Jarrett Allen,2024-02-01,21,14,9,2.0
Jarrett Allen,2024-02-08,30,14,10,2.0
Jarrett Allen,2024-02-23,36,24,9,1.0
Jarrett Allen,2024-02-28,34,11,4,0.0
Jarrett Allen,2024-03-06,37,18,19,3.0
Jarrett Allen,2024-03-11,38,15,10,1.0
Jarrett Allen,2024-03-25,33,17,13,0.0
Jarrett Allen,2024-04-03,37,20,5,0.0
Jarrett Allen,2024-04-07,35,17,10,1.0
Jaylen Brown,2023-11-11,32,29,5,2.0
Jaylen Brown,2023-11-20,34,13,4,2.0
Jaylen Brown,2023-12-15,30,18,3,2.0
Jaylen Brown,2023-12-20,29,28,5,0.0
Jaylen Brown,2024-01-06,36,31,4,3.0
Jaylen Brown,2024-01-11,18,10,4,0.0
Jaylen Brown,2024-01-22,37,34,3,0.0
Jaylen Brown,2024-01-30,36,25,6,0.0
Jayson Tatum,2023-11-11,34,27,5,1.0
Jayson Tatum,2023-11-20,44,45,13,3.0
Jayson Tatum,2023-12-15,39,30,6,2.0
Jayson Tatum,2024-01-06,38,38,13,4.0
Jayson Tatum,2024-01-11,16,7,1,1.0
Jayson Tatum,2024-01-22,41,39,11,0.0
Jayson Tatum,2024-01-30,39,30,7,2.0
Jayson Tatum,2024-02-14,28,20,7,1.0
Jayson Tatum,2024-03-12,34,38,6,3.0
Jeremy Sochan,2023-11-06,21,6,3,2.0
Jeremy Sochan,2023-11-18,32,16,5,3.0
Jeremy Sochan,2023-12-01,31,13,3,2.0
Jeremy Sochan,2023-12-29,29,2,4,3.0
Jeremy Sochan,2024-01-13,31,11,7,1.0
Jeremy Sochan,2024-01-20,28,23,4,0.0
Jeremy Sochan,2024-01-27,31,13,4,2.0
Jeremy Sochan,2024-02-03,29,2,9,1.0
Jeremy Sochan,2024-02-08,28,9,2,2.0
Jeremy Sochan,2024-02-23,34,15,13,3.0
Jeremy Sochan,2024-03-12,32,21,8,2.0
Jeremy Sochan,2024-03-23,21,7,3,2.0
Jimmy Butler,2023-12-14,36,20,6,1.0
Jimmy Butler,2024-01-25,29,17,3,1.0
Jimmy Butler,2024-02-07,34,17,11,0.0
Jimmy Butler,2024-03-08,37,20,10,1.0
Jimmy Butler,2024-04-05,29,22,3,2.0
Jimmy Butler,2024-04-10,36,12,4,5.0
John Collins,2023-10-28,28,11,10,1.0
John Collins,2023-11-02,33,20,10,2.0
John Collins,2023-11-22,32,12,11,0.0
John Collins,2023-11-30,28,9,12,4.0
John Collins,2023-12-21,32,13,9,3.0
John Collins,2024-01-06,28,19,5,1.0
John Collins,2024-01-13,34,19,13,1.0
John Collins,2024-01-30,28,11,11,1.0
John Collins,2024-02-15,31,18,13,1.0
Jonas Valančiūnas,2023-11-02,33,23,13,2.0
Jonas Valančiūnas,2023-11-18,30,26,11,3.0
Jonas Valančiūnas,2023-11-25,26,8,7,1.0
Jonas Valančiūnas,2023-12-02,36,15,10,0.0
Jonas Valančiūnas,2024-01-03,20,4,7,1.0
Jonas Valančiūnas,2024-01-13,28,14,12,0.0
Jonas Valančiūnas,2024-01-27,24,13,10,0.0
Jonas Valančiūnas,2024-02-10,29,16,9,3.0
Jonas Valančiūnas,2024-02-23,25,12,10,3.0
Jonas Valančiūnas,2024-02-28,7,0,3,0.0
Jonas Valančiūnas,2024-03-16,19,4,3,2.0
Jonas Valančiūnas,2024-03-22,22,8,10,0.0
Jonas Valančiūnas,2024-04-12,16,10,5,1.0
Jordan Poole,2023-11-13,35,14,4,4.0
Jordan Poole,2023-12-18,29,28,0,1.0
Jordan Poole,2023-12-22,27,25,3,1.0
Jordan Poole,2023-12-27,28,14,4,2.0
Jordan Poole,2024-01-06,30,10,3,2.0
Jordan Poole,2024-01-21,28,4,1,2.0
Jordan Poole,2024-01-25,28,18,2,0.0
Jordan Poole,2024-02-10,29,11,4,2.0
Jordan Poole,2024-02-23,23,21,3,3.0
Jordan Poole,2024-03-01,21,16,4,1.0
Jordan Poole,2024-03-17,23,31,2,1.0
Jordan Poole,2024-04-03,34,29,2,3.0
Josh Giddey,2023-10-30,28,21,7,1.0
Josh Giddey,2023-11-19,23,6,4,4.0
Josh Giddey,2023-12-27,29,7,6,2.0
Josh Giddey,2024-01-03,22,9,3,2.0
Josh Giddey,2024-01-11,23,13,10,1.0
Josh Giddey,2024-01-16,19,9,4,0.0
Josh Giddey,2024-01-24,22,12,8,2.0
Josh Giddey,2024-01-29,19,13,4,1.0
Josh Giddey,2024-02-11,20,5,5,0.0
Josh Giddey,2024-02-23,22,12,7,3.0
Josh Giddey,2024-03-04,29,13,5,3.0
Josh Giddey,2024-03-27,32,31,7,1.0
Josh Giddey,2024-04-03,28,17,6,2.0
Josh Giddey,2024-04-10,29,20,12,3.0
Josh Hart,2023-10-28,21,3,10,2.0
Josh Hart,2023-11-01,29,11,8,2.0
Josh Hart,2023-11-13,43,16,9,2.0
Josh Hart,2023-11-18,29,7,6,0.0
Josh Hart,2023-12-01,31,17,8,3.0
Josh Hart,2023-12-16,8,0,1,1.0
Josh Hart,2023-12-30,38,10,10,0.0
Josh Hart,2024-01-06,32,9,4,2.0
Josh Hart,2024-01-30,43,10,10,3.0
Josh Hart,2024-02-27,40,15,10,1.0
Josh Hart,2024-04-05,11,0,1,0.0
Josh Hart,2024-04-12,40,16,7,2.0
Jusuf Nurkić,2023-11-05,28,6,4,2.0
Jusuf Nurkić,2023-11-22,17,9,5,0.0
Jusuf Nurkić,2023-12-02,26,14,9,3.0
Jusuf Nurkić,2023-12-13,31,15,22,0.0
Jusuf Nurkić,2024-01-01,25,18,7,2.0
Jusuf Nurkić,2024-01-08,21,8,3,0.0
Jusuf Nurkić,2024-01-22,26,8,7,1.0
Jusuf Nurkić,2024-02-14,22,10,13,4.0
Jusuf Nurkić,2024-03-03,32,14,31,5.0
Jusuf Nurkić,2024-03-15,31,13,21,2.0
Jusuf Nurkić,2024-03-21,32,7,10,2.0
Karl-Anthony Towns,2023-11-15,31,25,7,1.0
Karl-Anthony Towns,2023-12-21,33,21,6,0.0
Karl-Anthony Towns,2024-01-10,44,25,13,1.0
Karl-Anthony Towns,2024-01-18,29,14,7,1.0
Karl-Anthony Towns,2024-01-25,37,27,10,6.0
Karl-Anthony Towns,2024-02-13,19,13,5,3.0
Karl-Anthony Towns,2024-02-24,36,28,9,2.0
Karl-Anthony Towns,2024-03-04,21,14,4,1.0
Kawhi Leonard,2023-11-01,41,38,6,2.0
Kawhi Leonard,2023-11-25,29,8,6,2.0
Kawhi Leonard,2023-11-30,35,23,7,0.0
Kawhi Leonard,2023-12-12,31,31,4,1.0
Kawhi Leonard,2024-01-08,32,17,3,3.0
Kawhi Leonard,2024-01-27,29,26,7,2.0
Kawhi Leonard,2024-02-05,37,36,2,1.0
Kawhi Leonard,2024-02-23,36,24,8,6.0
Kawhi Leonard,2024-03-04,37,16,4,1.0
Kawhi Leonard,2024-03-15,39,23,7,1.0
Kawhi Leonard,2024-03-25,38,26,4,3.0
Kevin Durant,2023-11-05,35,41,4,3.0
Kevin Durant,2023-11-22,34,32,8,6.0
Kevin Durant,2023-12-02,33,27,2,2.0
Kevin Durant,2024-01-08,35,30,7,3.0
Kevin Durant,2024-01-22,41,43,6,1.0
Kevin Durant,2024-01-29,42,20,8,1.0
Kevin Durant,2024-02-14,30,25,6,5.0
Kevin Durant,2024-02-23,38,28,11,2.0
Kevin Durant,2024-03-03,36,20,4,5.0
Kevin Durant,2024-03-15,38,13,8,3.0
Kevin Durant,2024-03-21,37,19,4,5.0
Kevin Durant,2024-04-10,37,24,9,4.0
Keyonte George,2023-10-28,27,12,7,2.0
Keyonte George,2023-11-02,17,6,2,2.0
Keyonte George,2023-11-22,34,16,3,0.0
Keyonte George,2023-11-30,33,12,4,2.0
Keyonte George,2024-01-06,16,6,2,2.0
Keyonte George,2024-01-13,27,19,3,1.0
Keyonte George,2024-01-30,23,15,2,2.0
Keyonte George,2024-02-15,41,33,2,2.0
Keyonte George,2024-03-16,30,18,3,4.0
Keyonte George,2024-03-21,33,18,2,6.0
Keyonte George,2024-04-12,28,14,1,5.0
Kyle Kuzma,2023-11-13,38,34,3,6.0
Kyle Kuzma,2023-11-25,25,12,7,5.0
Kyle Kuzma,2023-12-18,29,27,8,3.0
Kyle Kuzma,2023-12-22,25,7,9,3.0
Kyle Kuzma,2023-12-27,30,14,4,5.0
Kyle Kuzma,2024-01-06,32,27,2,3.0
Kyle Kuzma,2024-01-21,33,17,6,3.0
Kyle Kuzma,2024-01-25,34,26,6,5.0
Kyle Kuzma,2024-02-10,37,21,3,4.0
Kyle Kuzma,2024-02-23,27,14,4,3.0
Kyle Kuzma,2024-03-01,29,32,7,1.0
Kyrie Irving,2023-11-06,37,21,6,3.0
Kyrie Irving,2023-11-19,33,23,2,1.0
Kyrie Irving,2024-02-06,40,36,2,3.0
Kyrie Irving,2024-02-28,35,29,1,1.0
Kyrie Irving,2024-03-14,38,36,4,4.0
Kyrie Irving,2024-03-26,35,24,3,1.0
Kyrie Irving,2024-04-05,42,26,8,5.0
Kyrie Irving,2024-04-10,37,25,3,1.0
LeBron James,2023-10-30,33,19,3,5.0
LeBron James,2023-11-15,35,28,10,6.0
LeBron James,2023-11-22,36,26,9,3.0
LeBron James,2023-11-30,35,21,12,5.0
LeBron James,2023-12-31,37,34,5,4.0
LeBron James,2024-01-30,36,20,9,3.0
LeBron James,2024-02-09,38,21,4,2.0
LeBron James,2024-02-29,39,31,4,4.0
LeBron James,2024-04-03,36,25,7,4.0
Luka Dončić,2023-11-06,35,29,3,6.0
Luka Dončić,2023-11-15,32,26,7,3.0
Luka Dončić,2023-11-19,32,25,10,2.0
Luka Dončić,2023-12-12,43,33,6,4.0
Luka Dončić,2024-01-27,46,28,10,3.0
Luka Dončić,2024-02-06,43,35,18,1.0
Luka Dončić,2024-02-28,36,30,12,5.0
Luka Dončić,2024-03-26,32,28,11,4.0
Luka Dončić,2024-04-10,36,29,9,3.0
Malik Monk,2023-11-20,24,8,0,1.0
Malik Monk,2023-11-29,28,15,4,2.0
Malik Monk,2023-12-12,22,8,0,4.0
Malik Monk,2024-01-03,46,37,3,3.0
Malik Monk,2024-01-10,30,20,4,1.0
Malik Monk,2024-02-03,34,22,5,1.0
Malik Monk,2024-02-14,30,6,3,3.0
Malik Monk,2024-02-26,21,8,2,1.0
Malik Monk,2024-03-07,30,18,7,6.0
Malik Monk,2024-03-13,26,8,3,2.0
Malik Monk,2024-03-21,29,20,1,2.0
Malik Monk,2024-03-26,27,10,4,3.0
Michael Porter Jr.,2023-10-30,19,8,1,1.0
Michael Porter Jr.,2023-11-04,31,27,6,2.0
Michael Porter Jr.,2023-11-20,38,14,11,4.0
Michael Porter Jr.,2023-11-27,29,8,10,1.0
Michael Porter Jr.,2023-12-02,33,13,8,1.0
Michael Porter Jr.,2023-12-12,32,17,7,0.0
Michael Porter Jr.,2023-12-23,31,22,5,1.0
Michael Porter Jr.,2023-12-29,31,12,6,0.0
Michael Porter Jr.,2024-01-05,31,22,3,0.0
Michael Porter Jr.,2024-02-23,34,34,12,0.0
Michael Porter Jr.,2024-02-29,38,30,11,2.0
Michael Porter Jr.,2024-04-10,37,18,8,1.0
Mikal Bridges,2023-11-04,38,19,6,0.0
Mikal Bridges,2023-11-26,36,15,2,2.0
Mikal Bridges,2023-12-14,25,9,0,4.0
Mikal Bridges,2023-12-23,33,29,6,1.0
Mikal Bridges,2023-12-27,12,6,3,1.0
Mikal Bridges,2024-01-03,36,15,4,1.0
Mikal Bridges,2024-02-06,39,28,1,1.0
Mikal Bridges,2024-02-14,26,10,4,1.0
Mikal Bridges,2024-02-27,29,4,2,3.0
Mikal Bridges,2024-03-05,38,15,6,1.0
Mikal Bridges,2024-03-10,35,25,5,1.0
Mikal Bridges,2024-03-17,40,14,7,3.0
Mikal Bridges,2024-04-01,29,19,0,0.0
Mikal Bridges,2024-04-07,24,8,5,1.0
Miles Bridges,2023-11-18,32,19,4,1.0
Miles Bridges,2023-12-16,31,9,10,1.0
Miles Bridges,2023-12-29,37,11,7,3.0
Miles Bridges,2024-01-02,40,27,5,3.0
Miles Bridges,2024-01-20,40,25,11,2.0
Miles Bridges,2024-01-27,41,21,9,1.0
Miles Bridges,2024-02-05,40,41,0,1.0
Miles Bridges,2024-02-10,39,25,6,3.0
Miles Bridges,2024-02-23,41,19,11,3.0
Miles Bridges,2024-03-01,39,27,11,1.0
Miles Bridges,2024-03-09,39,24,10,3.0
Miles Bridges,2024-03-16,39,14,9,3.0
Miles Bridges,2024-04-01,43,26,11,1.0
Miles Bridges,2024-04-10,30,18,3,2.0
Myles Turner,2023-11-04,27,14,6,4.0
Myles Turner,2023-11-09,37,21,6,1.0
Myles Turner,2023-11-22,29,17,8,2.0
Myles Turner,2023-12-16,21,12,5,1.0
Myles Turner,2023-12-21,36,15,6,4.0
Myles Turner,2024-01-06,30,12,7,0.0
Myles Turner,2024-01-15,17,12,4,2.0
Myles Turner,2024-01-19,34,29,12,1.0
Myles Turner,2024-01-26,18,5,3,2.0
Myles Turner,2024-02-26,26,16,11,3.0
Myles Turner,2024-03-13,34,27,7,1.0
Myles Turner,2024-03-25,26,24,7,1.0
Nic Claxton,2023-12-14,17,10,9,2.0
Nic Claxton,2023-12-23,30,11,7,2.0
Nic Claxton,2024-01-03,28,12,13,1.0
Nic Claxton,2024-02-06,35,9,11,2.0
Nic Claxton,2024-02-14,21,6,8,1.0
Nic Claxton,2024-02-27,27,10,5,2.0
Nic Claxton,2024-03-05,33,17,10,2.0
Nic Claxton,2024-03-10,28,16,10,1.0
Nic Claxton,2024-03-17,32,11,14,1.0
Nic Claxton,2024-04-01,26,7,11,2.0
Nick Richards,2023-11-05,21,12,9,0.0
Nick Richards,2023-12-16,19,8,4,1.0
Nick Richards,2023-12-29,31,6,2,0.0
Nick Richards,2024-01-02,26,7,10,2.0
Nick Richards,2024-01-27,36,26,13,4.0
Nick Richards,2024-02-05,32,4,9,1.0
Nick Richards,2024-02-10,25,13,7,1.0
Nick Richards,2024-02-23,29,11,13,4.0
Nick Richards,2024-03-01,30,19,4,0.0
Nick Richards,2024-03-09,31,15,11,1.0
Nick Richards,2024-03-16,30,11,11,1.0
Nick Richards,2024-04-10,19,7,2,1.0
Nikola Jokić,2023-10-30,35,27,10,1.0
Nikola Jokić,2023-11-04,33,28,16,1.0
Nikola Jokić,2023-11-20,15,9,5,1.0
Nikola Jokić,2023-12-02,38,36,13,0.0
Nikola Jokić,2023-12-12,16,4,9,0.0
Nikola Jokić,2023-12-23,36,18,10,3.0
Nikola Jokić,2023-12-29,32,19,10,7.0
Nikola Jokić,2024-01-05,37,29,4,2.0
Nikola Jokić,2024-02-09,30,23,8,1.0
Nikola Jokić,2024-02-23,35,29,15,2.0
Nikola Jokić,2024-02-29,38,18,11,4.0
Nikola Jokić,2024-04-10,38,41,11,2.0
Nikola Vučević,2023-10-28,32,12,4,1.0
Nikola Vučević,2023-11-04,30,19,7,2.0
Nikola Vučević,2023-11-13,36,26,12,1.0
Nikola Vučević,2023-11-18,33,15,8,2.0
Nikola Vučević,2023-12-12,33,26,16,3.0
Nikola Vučević,2023-12-21,27,16,5,2.0
Nikola Vučević,2024-01-13,31,24,16,1.0
Nikola Vučević,2024-01-31,33,22,12,0.0
Nikola Vučević,2024-02-28,40,24,13,4.0
Nikola Vučević,2024-03-07,35,33,11,4.0
Nikola Vučević,2024-03-14,35,19,6,1.0
Nikola Vučević,2024-04-01,31,5,14,1.0
Paolo Banchero,2023-10-31,32,15,4,3.0
Paolo Banchero,2023-11-15,33,17,9,1.0
Paolo Banchero,2023-11-22,35,23,3,3.0
Paolo Banchero,2023-12-02,34,19,10,1.0
Paolo Banchero,2023-12-21,34,23,7,2.0
Paolo Banchero,2023-12-27,38,19,9,1.0
Paolo Banchero,2024-01-03,45,43,4,8.0
Paolo Banchero,2024-01-13,36,20,9,2.0
Paolo Banchero,2024-01-22,29,18,3,2.0
Paolo Banchero,2024-01-29,39,36,9,3.0
Paolo Banchero,2024-02-14,35,36,6,3.0
Paolo Banchero,2024-03-06,39,25,6,4.0
Paolo Banchero,2024-03-30,30,13,9,2.0
Paolo Banchero,2024-04-10,34,20,6,2.0
Pascal Siakam,2023-10-28,36,11,7,2.0
Pascal Siakam,2023-11-02,33,10,3,2.0
Pascal Siakam,2023-11-22,38,36,10,2.0
Pascal Siakam,2023-11-29,36,22,9,3.0
Pascal Siakam,2023-12-23,36,19,9,1.0
Pascal Siakam,2023-12-30,40,35,5,2.0
Pascal Siakam,2024-01-26,33,31,7,2.0
Pascal Siakam,2024-02-02,35,22,6,5.0
Pascal Siakam,2024-02-26,37,27,9,1.0
Pascal Siakam,2024-03-13,36,17,9,2.0
Pascal Siakam,2024-03-25,31,31,4,2.0
Paul George,2023-11-01,37,35,6,3.0
Paul George,2023-11-25,36,25,9,1.0
Paul George,2023-11-30,37,15,1,1.0
Paul George,2023-12-12,16,9,6,3.0
Paul George,2024-01-08,31,25,7,1.0
Paul George,2024-01-27,22,17,6,1.0
Paul George,2024-02-05,32,18,3,1.0
Paul George,2024-02-23,37,14,5,5.0
Paul George,2024-03-04,36,29,5,3.0
Paul George,2024-03-15,41,26,5,2.0
Paul George,2024-03-25,33,26,1,1.0
Paul George,2024-04-05,21,14,2,1.0
Precious Achiuwa,2023-10-28,18,6,7,1.0
Precious Achiuwa,2023-11-29,18,14,10,1.0
Precious Achiuwa,2023-12-23,21,8,2,0.0
Precious Achiuwa,2024-01-06,8,2,0,0.0
Precious Achiuwa,2024-01-18,9,2,1,0.0
Precious Achiuwa,2024-01-30,40,18,5,0.0
Precious Achiuwa,2024-02-27,40,15,7,1.0
Precious Achiuwa,2024-04-05,19,0,4,1.0
Precious Achiuwa,2024-04-12,8,5,3,0.0
RJ Barrett,2023-10-28,30,18,3,3.0
RJ Barrett,2023-12-01,27,15,4,2.0
RJ Barrett,2023-12-16,28,18,5,1.0
RJ Barrett,2024-01-10,37,24,5,4.0
RJ Barrett,2024-01-18,35,17,4,1.0
RJ Barrett,2024-02-10,33,14,7,2.0
Rudy Gobert,2023-11-15,25,4,8,2.0
Rudy Gobert,2023-12-21,37,15,13,2.0
Rudy Gobert,2024-01-18,39,17,10,3.0
Rudy Gobert,2024-01-25,33,10,13,1.0
Rudy Gobert,2024-02-13,37,16,15,1.0
Rudy Gobert,2024-02-28,27,8,8,3.0
Rudy Gobert,2024-03-04,39,25,16,3.0
Rudy Gobert,2024-03-08,37,7,17,2.0
Rudy Gobert,2024-04-03,27,11,15,4.0
Rudy Gobert,2024-04-10,39,13,15,2.0
Russell Westbrook,2023-11-01,44,24,11,6.0
Russell Westbrook,2023-11-25,25,14,8,2.0
Russell Westbrook,2023-11-30,26,14,11,0.0
Russell Westbrook,2023-12-12,20,8,7,4.0
Russell Westbrook,2023-12-21,30,15,13,5.0
Russell Westbrook,2024-01-08,15,9,2,1.0
Russell Westbrook,2024-01-27,15,4,4,1.0
Russell Westbrook,2024-02-05,26,13,5,2.0
Russell Westbrook,2024-02-23,23,13,2,3.0
Russell Westbrook,2024-04-05,21,17,5,5.0
Saddiq Bey,2023-10-30,25,11,6,1.0
Saddiq Bey,2023-11-15,28,16,2,2.0
Saddiq Bey,2023-11-22,25,12,2,2.0
Saddiq Bey,2023-11-26,29,7,8,0.0
Saddiq Bey,2023-12-16,36,5,6,2.0
Saddiq Bey,2023-12-23,38,14,6,1.0
Saddiq Bey,2024-02-10,39,24,6,1.0
Saddiq Bey,2024-03-06,41,23,8,2.0
Scoot Henderson,2023-10-30,34,11,4,4.0
Scoot Henderson,2023-11-27,22,13,3,4.0
Scoot Henderson,2023-12-17,22,14,1,1.0
Scoot Henderson,2023-12-29,37,22,7,4.0
Scoot Henderson,2024-01-12,25,8,2,6.0
Scoot Henderson,2024-01-24,24,11,1,2.0
Scoot Henderson,2024-01-29,22,22,2,2.0
Scoot Henderson,2024-03-14,26,12,7,2.0
Scoot Henderson,2024-03-23,28,22,4,4.0
Scoot Henderson,2024-04-12,34,30,5,1.0
Scottie Barnes,2023-10-28,37,24,8,1.0
Scottie Barnes,2023-11-02,35,24,8,1.0
Scottie Barnes,2023-11-22,39,20,12,3.0
Scottie Barnes,2023-11-29,38,23,7,0.0
Scottie Barnes,2023-12-23,38,32,14,4.0
Scottie Barnes,2023-12-30,36,22,9,1.0
Scottie Barnes,2024-01-10,34,12,7,2.0
Scottie Barnes,2024-01-18,37,31,7,6.0
Scottie Barnes,2024-02-05,25,17,5,1.0
Scottie Barnes,2024-02-10,35,24,10,1.0
Scottie Barnes,2024-02-23,37,20,5,3.0
Shai Gilgeous-Alexander,2023-10-30,33,32,9,5.0
Shai Gilgeous-Alexander,2023-11-19,23,28,3,3.0
Shai Gilgeous-Alexander,2023-12-27,36,36,7,1.0
Shai Gilgeous-Alexander,2024-01-03,35,33,13,2.0
Shai Gilgeous-Alexander,2024-01-11,21,31,5,2.0
Shai Gilgeous-Alexander,2024-01-16,34,19,2,2.0
Shai Gilgeous-Alexander,2024-01-24,29,32,6,4.0
Shai Gilgeous-Alexander,2024-01-29,39,37,7,4.0
Shai Gilgeous-Alexander,2024-02-11,39,38,3,1.0
Shai Gilgeous-Alexander,2024-02-23,30,30,7,1.0
Shai Gilgeous-Alexander,2024-03-04,30,20,7,4.0
Shai Gilgeous-Alexander,2024-04-10,26,26,6,1.0
Stephen Curry,2023-10-30,30,42,5,3.0
Stephen Curry,2023-11-06,33,34,2,3.0
Stephen Curry,2023-11-12,36,38,5,5.0
Stephen Curry,2023-12-17,31,7,2,4.0
Stephen Curry,2023-12-23,30,27,3,1.0
Stephen Curry,2024-01-05,31,26,6,4.0
Stephen Curry,2024-01-25,36,33,6,2.0
Stephen Curry,2024-02-03,41,60,6,2.0
Stephen Curry,2024-02-08,30,42,2,2.0
Stephen Curry,2024-02-15,35,16,2,4.0
Stephen Curry,2024-02-23,31,15,2,4.0
Stephen Curry,2024-03-01,30,25,6,4.0
Stephen Curry,2024-03-07,29,15,3,2.0
Stephen Curry,2024-03-27,35,17,4,2.0
Stephen Curry,2024-04-05,35,28,6,2.0
Stephen Curry,2024-04-12,32,33,4,7.0
Terry Rozier,2023-12-16,20,6,2,2.0
Terry Rozier,2023-12-29,39,42,4,0.0
Terry Rozier,2024-01-20,36,19,9,3.0
Terry Rozier,2024-01-25,29,7,2,0.0
Terry Rozier,2024-02-07,28,13,2,1.0
Terry Rozier,2024-03-08,32,14,5,1.0
Terry Rozier,2024-03-18,34,20,8,3.0
Terry Rozier,2024-04-05,25,13,3,1.0
Tobias Harris,2023-10-29,38,24,5,3.0
Tobias Harris,2023-11-15,38,16,7,1.0
Tobias Harris,2023-11-22,32,15,6,1.0
Tobias Harris,2023-12-16,25,15,5,1.0
Tobias Harris,2023-12-30,34,15,7,0.0
Tobias Harris,2024-01-16,38,24,5,0.0
Tobias Harris,2024-01-20,36,21,5,2.0
Tobias Harris,2024-01-30,38,26,10,2.0
Tobias Harris,2024-02-10,33,11,7,4.0
Tobias Harris,2024-02-23,34,15,9,1.0
Tobias Harris,2024-03-06,35,8,6,1.0
Tobias Harris,2024-03-25,26,12,8,2.0
Trae Young,2023-10-30,35,24,1,1.0
Trae Young,2023-11-22,40,43,4,4.0
Trae Young,2023-11-26,37,33,5,5.0
Trae Young,2023-12-16,38,35,4,5.0
Trae Young,2023-12-23,41,30,5,2.0
Trae Young,2024-01-13,36,21,2,1.0
Trae Young,2024-02-03,42,35,0,3.0
Trae Young,2024-02-10,33,18,4,4.0
Tyrese Haliburton,2023-11-04,37,43,2,3.0
Tyrese Haliburton,2023-11-09,38,29,6,2.0
Tyrese Haliburton,2023-11-22,34,33,3,3.0
Tyrese Haliburton,2023-12-21,38,17,4,4.0
Tyrese Haliburton,2024-01-06,35,17,6,4.0
Tyrese Haliburton,2024-02-02,22,14,3,5.0
Tyrese Haliburton,2024-02-26,32,9,0,1.0
Tyrese Haliburton,2024-03-13,38,17,3,2.0
Tyrese Haliburton,2024-03-25,31,21,1,3.0
Tyrese Maxey,2023-10-29,35,26,10,2.0
Tyrese Maxey,2023-11-15,39,20,3,2.0
Tyrese Maxey,2023-11-22,34,16,5,3.0
Tyrese Maxey,2023-12-16,33,21,2,0.0
Tyrese Maxey,2023-12-30,35,20,0,2.0
Tyrese Maxey,2024-01-06,42,25,1,3.0
Tyrese Maxey,2024-01-16,43,25,5,1.0
Tyrese Maxey,2024-01-20,42,16,3,0.0
Tyrese Maxey,2024-02-23,39,24,7,2.0
Tyrese Maxey,2024-03-25,35,29,3,2.0
Tyrese Maxey,2024-04-07,54,52,5,1.0
Victor Wembanyama,2023-11-06,21,13,10,2.0
Victor Wembanyama,2023-11-18,31,19,13,2.0
Victor Wembanyama,2024-01-27,30,23,10,6.0
Victor Wembanyama,2024-02-03,27,19,14,3.0
Victor Wembanyama,2024-02-08,23,15,1,5.0
Victor Wembanyama,2024-02-23,31,27,10,2.0
Victor Wembanyama,2024-03-12,31,13,10,2.0
Victor Wembanyama,2024-03-23,21,13,5,5.0
Walker Kessler,2023-10-28,23,2,5,3.0
Walker Kessler,2023-11-02,25,4,10,1.0
Walker Kessler,2023-11-30,27,7,5,1.0
Walker Kessler,2023-12-14,26,10,10,1.0
Walker Kessler,2023-12-21,20,4,10,1.0
Walker Kessler,2024-01-06,19,10,4,0.0
Walker Kessler,2024-01-13,14,4,6,0.0
Walker Kessler,2024-01-30,16,6,7,1.0
Walker Kessler,2024-02-15,25,4,6,1.0
Walker Kessler,2024-03-16,30,7,10,0.0
Walker Kessler,2024-03-21,27,14,9,2.0
Zion Williamson,2023-12-02,30,27,5,5.0
Zion Williamson,2024-01-03,29,27,4,2.0
Zion Williamson,2024-02-23,36,23,9,3.0
Zion Williamson,2024-02-28,32,23,3,1.0
Zion Williamson,2024-03-16,34,26,10,3.0
Zion Williamson,2024-03-22,25,4,5,5.0
Zion Williamson,2024-04-12,37,26,3,2.0
