PLAYER NAME,DATE,MIN,PTS,REB,TOV,PREV_DATE_DIFF
Aaron Gordon,2023-10-29,23,9,3,1.0,1.0
Aaron Gordon,2023-11-03,35,18,8,4.0,1.0
Aaron Gordon,2023-11-19,32,11,4,1.0,1.0
Aaron Gordon,2023-12-11,29,18,12,2.0,1.0
Aaron Gordon,2023-12-22,32,18,5,1.0,1.0
Aaron Gordon,2024-01-04,35,30,9,0.0,1.0
Aaron Gordon,2024-02-08,32,11,4,1.0,1.0
Aaron Gordon,2024-02-22,21,17,2,3.0,1.0
Aaron Gordon,2024-02-28,24,17,6,0.0,1.0
Amen Thompson,2023-12-22,22,9,6,3.0,1.0
Amen Thompson,2023-12-26,12,7,4,1.0,1.0
Amen Thompson,2024-01-05,20,6,6,2.0,1.0
Amen Thompson,2024-01-12,8,2,1,0.0,1.0
Amen Thompson,2024-01-20,18,6,8,0.0,1.0
Amen Thompson,2024-01-26,23,13,6,1.0,1.0
Amen Thompson,2024-02-09,32,8,9,6.0,1.0
Amen Thompson,2024-02-22,28,22,5,3.0,1.0
Amen Thompson,2024-03-05,19,2,6,1.0,1.0
Amen Thompson,2024-04-11,35,15,10,1.0,1.0
Andre Drummond,2023-10-27,12,8,2,2.0,1.0
Andre Drummond,2023-11-03,12,7,4,1.0,1.0
Andre Drummond,2023-11-12,15,11,13,1.0,1.0
Andre Drummond,2023-11-17,18,5,6,2.0,1.0
Andre Drummond,2023-12-11,14,9,16,0.0,1.0
Andre Drummond,2023-12-20,16,11,7,2.0,1.0
Andre Drummond,2024-01-02,28,11,17,2.0,1.0
Andre Drummond,2024-01-12,12,5,4,0.0,1.0
Andre Drummond,2024-01-30,14,7,7,0.0,1.0
Andre Drummond,2024-02-27,28,20,11,1.0,1.0
Andre Drummond,2024-03-06,17,10,6,0.0,1.0
Andre Drummond,2024-03-13,10,3,4,1.0,1.0
Andre Drummond,2024-03-31,17,6,9,0.0,1.0
Anthony Davis,2023-10-29,42,30,16,0.0,1.0
Anthony Davis,2023-11-14,27,19,11,2.0,1.0
Anthony Davis,2023-11-21,29,26,16,2.0,1.0
Anthony Davis,2023-11-29,29,28,16,0.0,1.0
Anthony Davis,2023-12-12,37,37,11,2.0,1.0
Anthony Davis,2023-12-20,38,19,14,1.0,1.0
Anthony Davis,2023-12-30,39,33,17,2.0,1.0
Anthony Davis,2024-02-08,38,32,9,1.0,1.0
Anthony Davis,2024-02-13,28,20,14,1.0,1.0
Anthony Davis,2024-02-22,33,27,15,3.0,1.0
Anthony Davis,2024-02-28,36,20,12,2.0,1.0
Anthony Davis,2024-04-02,28,21,12,5.0,1.0
Anthony Davis,2024-04-06,36,22,13,0.0,1.0
Anthony Edwards,2023-11-14,36,20,4,5.0,1.0
Anthony Edwards,2023-12-20,36,27,7,1.0,1.0
Anthony Edwards,2024-01-09,26,6,4,5.0,1.0
Anthony Edwards,2024-01-17,33,27,5,3.0,1.0
Anthony Edwards,2024-01-24,34,38,3,4.0,1.0
Anthony Edwards,2024-02-12,32,23,7,1.0,1.0
Anthony Edwards,2024-02-23,38,28,9,3.0,1.0
Anthony Edwards,2024-02-27,33,34,5,4.0,1.0
Anthony Edwards,2024-03-03,37,27,5,3.0,1.0
Anthony Edwards,2024-03-07,39,44,6,0.0,1.0
Anthony Edwards,2024-03-18,38,32,7,3.0,1.0
Anthony Edwards,2024-04-02,36,21,5,3.0,1.0
Anthony Edwards,2024-04-09,38,51,6,2.0,1.0
Ausar Thompson,2023-10-27,30,6,13,3.0,1.0
Ausar Thompson,2023-11-01,30,16,7,2.0,1.0
Ausar Thompson,2023-11-05,38,14,9,1.0,1.0
Ausar Thompson,2023-11-19,30,9,10,5.0,1.0
Ausar Thompson,2023-11-29,21,12,6,0.0,1.0
Ausar Thompson,2023-12-15,22,8,3,1.0,1.0
Ausar Thompson,2024-02-07,27,12,6,2.0,1.0
Ausar Thompson,2024-02-13,29,19,2,1.0,1.0
Ausar Thompson,2024-02-26,36,7,4,4.0,1.0
Austin Reaves,2023-10-29,28,5,2,3.0,1.0
Austin Reaves,2023-11-14,29,16,12,3.0,1.0
Austin Reaves,2023-11-21,26,19,5,2.0,1.0
Austin Reaves,2023-11-29,24,6,3,2.0,1.0
Austin Reaves,2023-12-12,32,22,5,3.0,1.0
Austin Reaves,2023-12-20,28,21,0,3.0,1.0
Austin Reaves,2023-12-30,29,9,2,1.0,1.0
Austin Reaves,2024-01-29,30,8,3,2.0,1.0
Austin Reaves,2024-02-08,36,15,2,1.0,1.0
Austin Reaves,2024-02-13,32,15,7,2.0,1.0
Austin Reaves,2024-02-22,27,16,2,2.0,1.0
Austin Reaves,2024-02-28,36,13,8,1.0,1.0
Austin Reaves,2024-03-26,48,29,14,1.0,1.0
Austin Reaves,2024-04-02,25,7,4,1.0,1.0
Austin Reaves,2024-04-06,33,7,2,3.0,1.0
Bam Adebayo,2023-10-27,35,27,7,3.0,1.0
Bam Adebayo,2023-11-11,39,26,17,3.0,1.0
Bam Adebayo,2024-01-14,35,24,10,2.0,1.0
Bam Adebayo,2024-01-24,40,15,15,0.0,1.0
Bam Adebayo,2024-02-06,30,14,8,3.0,1.0
Bam Adebayo,2024-02-13,31,16,12,3.0,1.0
Bam Adebayo,2024-02-26,36,28,10,5.0,1.0
Bam Adebayo,2024-03-07,37,14,9,1.0,1.0
Bam Adebayo,2024-03-17,38,20,17,3.0,1.0
Bam Adebayo,2024-04-04,29,14,11,2.0,1.0
Bam Adebayo,2024-04-09,48,10,7,5.0,1.0
Bobby Portis,2023-10-29,21,12,4,3.0,1.0
Bobby Portis,2023-11-08,23,18,5,2.0,1.0
Bobby Portis,2023-11-17,30,13,7,3.0,1.0
Bobby Portis,2023-12-16,27,31,12,4.0,1.0
Bobby Portis,2024-01-03,20,9,6,0.0,1.0
Bobby Portis,2024-01-13,21,10,8,1.0,1.0
Bobby Portis,2024-01-26,22,12,8,1.0,1.0
Bobby Portis,2024-02-03,31,12,10,0.0,1.0
Bobby Portis,2024-02-08,29,12,9,3.0,1.0
Bobby Portis,2024-02-12,25,13,8,3.0,1.0
Bobby Portis,2024-02-29,28,14,10,1.0,1.0
Bobby Portis,2024-03-20,33,24,15,2.0,1.0
Bobby Portis,2024-04-02,25,12,12,1.0,1.0
Bobby Portis,2024-04-09,22,15,10,2.0,1.0
Brandon Ingram,2023-11-17,38,21,3,2.0,1.0
Brandon Ingram,2023-11-24,35,30,4,3.0,1.0
Brandon Ingram,2023-12-01,34,14,5,4.0,1.0
Brandon Ingram,2024-01-02,25,12,5,1.0,1.0
Brandon Ingram,2024-01-26,34,12,4,5.0,1.0
Brandon Ingram,2024-02-09,35,22,7,2.0,1.0
Brandon Ingram,2024-02-27,34,24,6,5.0,1.0
Brandon Ingram,2024-03-15,35,13,5,0.0,1.0
CJ McCollum,2023-11-03,34,18,2,4.0,1.0
CJ McCollum,2023-11-08,31,16,6,2.0,1.0
CJ McCollum,2023-11-21,39,37,5,6.0,1.0
CJ McCollum,2023-12-20,28,19,3,4.0,1.0
CJ McCollum,2024-01-05,25,10,8,2.0,1.0
CJ McCollum,2024-02-01,22,15,4,1.0,1.0
CJ McCollum,2024-02-25,31,17,3,1.0,1.0
CJ McCollum,2024-03-12,36,18,4,4.0,1.0
CJ McCollum,2024-03-24,33,12,6,1.0,1.0
Cade Cunningham,2023-10-27,24,12,2,5.0,1.0
Cade Cunningham,2023-11-01,37,30,5,6.0,1.0
Cade Cunningham,2023-11-05,39,26,3,6.0,1.0
Cade Cunningham,2023-11-19,27,18,5,3.0,1.0
Cade Cunningham,2023-11-29,23,15,4,2.0,1.0
Cade Cunningham,2023-12-15,24,4,3,3.0,1.0
Cade Cunningham,2024-02-13,25,12,7,0.0,1.0
Cade Cunningham,2024-02-26,36,32,5,5.0,1.0
Cam Thomas,2023-11-03,31,17,5,0.0,1.0
Cam Thomas,2023-12-13,28,24,2,2.0,1.0
Cam Thomas,2023-12-22,34,23,0,2.0,1.0
Cam Thomas,2023-12-26,23,17,1,2.0,1.0
Cam Thomas,2024-01-02,20,0,2,1.0,1.0
Cam Thomas,2024-02-05,36,18,5,1.0,1.0
Cam Thomas,2024-02-13,34,26,2,3.0,1.0
Cam Thomas,2024-03-09,30,31,1,2.0,1.0
Cam Thomas,2024-03-16,32,22,8,5.0,1.0
Cam Thomas,2024-03-31,35,30,2,2.0,1.0
Cam Thomas,2024-04-06,39,32,6,1.0,1.0
Chet Holmgren,2023-10-29,26,19,4,1.0,1.0
Chet Holmgren,2023-11-18,37,36,10,4.0,1.0
Chet Holmgren,2023-12-26,29,20,4,1.0,1.0
Chet Holmgren,2024-01-02,33,14,3,1.0,1.0
Chet Holmgren,2024-01-10,33,23,9,2.0,1.0
Chet Holmgren,2024-01-15,30,9,8,3.0,1.0
Chet Holmgren,2024-01-23,32,8,10,1.0,1.0
Chet Holmgren,2024-01-28,23,9,12,1.0,1.0
Chet Holmgren,2024-02-10,22,13,12,0.0,1.0
Chet Holmgren,2024-02-22,33,17,10,3.0,1.0
Chet Holmgren,2024-03-03,32,14,9,1.0,1.0
Chet Holmgren,2024-03-26,33,16,9,1.0,1.0
Chet Holmgren,2024-04-02,29,22,7,3.0,1.0
Chet Holmgren,2024-04-09,34,15,9,0.0,1.0
Clint Capela,2023-10-29,23,12,12,0.0,1.0
Clint Capela,2023-11-14,27,8,8,3.0,1.0
Clint Capela,2023-11-21,19,14,5,1.0,1.0
Clint Capela,2023-11-25,18,12,11,0.0,1.0
Clint Capela,2023-12-22,28,8,10,2.0,1.0
Clint Capela,2024-01-12,22,7,5,0.0,1.0
Clint Capela,2024-01-19,22,9,11,0.0,1.0
Clint Capela,2024-02-02,21,11,10,0.0,1.0
Clint Capela,2024-03-05,25,13,9,1.0,1.0
Clint Capela,2024-03-17,26,15,13,1.0,1.0
Clint Capela,2024-03-27,27,13,10,4.0,1.0
Clint Capela,2024-04-03,30,11,16,1.0,1.0
Clint Capela,2024-04-09,37,6,11,1.0,1.0
Coby White,2023-10-27,40,17,6,3.0,1.0
Coby White,2023-11-03,35,18,3,2.0,1.0
Coby White,2023-11-12,32,16,0,1.0,1.0
Coby White,2023-11-17,30,4,1,2.0,1.0
Coby White,2023-12-11,45,33,6,2.0,1.0
Coby White,2023-12-20,33,17,7,3.0,1.0
Coby White,2024-01-02,29,14,4,1.0,1.0
Coby White,2024-01-12,37,25,4,1.0,1.0
Coby White,2024-01-30,35,13,2,1.0,1.0
Coby White,2024-02-27,41,10,5,1.0,1.0
Coby White,2024-03-06,42,25,6,1.0,1.0
Coby White,2024-03-31,41,17,5,2.0,1.0
Coby White,2024-04-11,37,18,3,3.0,1.0
Collin Sexton,2023-10-27,20,13,1,0.0,1.0
Collin Sexton,2023-11-21,22,14,3,1.0,1.0
Collin Sexton,2023-11-29,22,9,1,2.0,1.0
Collin Sexton,2023-12-13,30,26,4,2.0,1.0
Collin Sexton,2023-12-20,34,20,3,2.0,1.0
Collin Sexton,2024-01-05,20,13,1,3.0,1.0
Collin Sexton,2024-01-12,20,20,2,2.0,1.0
Collin Sexton,2024-01-29,24,6,1,2.0,1.0
Collin Sexton,2024-02-14,26,18,0,0.0,1.0
Collin Sexton,2024-03-15,31,21,4,1.0,1.0
Collin Sexton,2024-03-20,30,25,5,2.0,1.0
D'Angelo Russell,2023-10-29,41,17,3,0.0,1.0
D'Angelo Russell,2023-11-14,27,24,3,0.0,1.0
D'Angelo Russell,2023-11-21,26,20,3,0.0,1.0
D'Angelo Russell,2023-11-29,34,35,4,3.0,1.0
D'Angelo Russell,2023-12-12,25,7,2,2.0,1.0
D'Angelo Russell,2023-12-20,28,2,1,1.0,1.0
D'Angelo Russell,2024-01-29,41,23,1,1.0,1.0
D'Angelo Russell,2024-02-13,32,21,2,3.0,1.0
D'Angelo Russell,2024-02-22,34,18,5,3.0,1.0
D'Angelo Russell,2024-02-28,34,18,2,3.0,1.0
D'Angelo Russell,2024-03-26,50,29,7,4.0,1.0
D'Angelo Russell,2024-04-02,33,25,2,4.0,1.0
D'Angelo Russell,2024-04-06,31,28,5,6.0,1.0
Damian Lillard,2023-10-29,29,6,4,6.0,1.0
Damian Lillard,2023-11-17,31,27,5,2.0,1.0
Damian Lillard,2023-12-16,30,33,4,2.0,1.0
Damian Lillard,2024-01-03,36,23,2,2.0,1.0
Damian Lillard,2024-01-13,38,27,6,1.0,1.0
Damian Lillard,2024-01-26,38,22,4,4.0,1.0
Damian Lillard,2024-02-03,38,30,3,6.0,1.0
Damian Lillard,2024-02-12,23,18,3,2.0,1.0
Damian Lillard,2024-02-29,34,17,6,2.0,1.0
Damian Lillard,2024-03-20,36,32,4,4.0,1.0
Damian Lillard,2024-04-09,36,12,3,3.0,1.0
Daniel Gafford,2023-11-12,16,5,5,1.0,1.0
Daniel Gafford,2023-11-24,29,8,9,1.0,1.0
Daniel Gafford,2023-12-17,35,26,17,1.0,1.0
Daniel Gafford,2023-12-21,31,16,8,1.0,1.0
Daniel Gafford,2023-12-26,32,13,13,3.0,1.0
Daniel Gafford,2024-01-05,24,4,4,0.0,1.0
Daniel Gafford,2024-01-24,21,10,4,2.0,1.0
Daniel Gafford,2024-02-27,7,4,2,0.0,1.0
Daniel Gafford,2024-03-13,26,10,6,2.0,1.0
Daniel Gafford,2024-03-25,27,13,11,0.0,1.0
Daniel Gafford,2024-04-04,23,6,3,0.0,1.0
Daniel Gafford,2024-04-09,25,26,7,0.0,1.0
Day'Ron Sharpe,2023-11-03,15,6,10,0.0,1.0
Day'Ron Sharpe,2023-11-25,12,4,4,0.0,1.0
Day'Ron Sharpe,2023-12-13,8,3,3,0.0,1.0
Day'Ron Sharpe,2023-12-22,19,13,10,0.0,1.0
Day'Ron Sharpe,2023-12-26,22,11,11,1.0,1.0
Day'Ron Sharpe,2024-01-02,17,12,9,1.0,1.0
Day'Ron Sharpe,2024-02-13,9,6,4,0.0,1.0
Day'Ron Sharpe,2024-02-26,15,8,8,1.0,1.0
Day'Ron Sharpe,2024-03-09,10,2,5,1.0,1.0
Day'Ron Sharpe,2024-03-16,14,3,7,4.0,1.0
Day'Ron Sharpe,2024-03-31,9,4,1,2.0,1.0
Day'Ron Sharpe,2024-04-06,10,0,6,1.0,1.0
De'Aaron Fox,2023-11-19,31,30,4,0.0,1.0
De'Aaron Fox,2023-11-28,40,29,9,2.0,1.0
De'Aaron Fox,2023-12-11,33,29,3,3.0,1.0
De'Aaron Fox,2023-12-22,32,23,6,2.0,1.0
De'Aaron Fox,2024-01-02,38,30,5,3.0,1.0
De'Aaron Fox,2024-01-09,33,26,3,5.0,1.0
De'Aaron Fox,2024-02-02,35,25,3,3.0,1.0
De'Aaron Fox,2024-02-13,40,40,9,6.0,1.0
De'Aaron Fox,2024-02-25,33,33,6,3.0,1.0
De'Aaron Fox,2024-03-06,39,44,4,3.0,1.0
De'Aaron Fox,2024-03-12,32,29,6,4.0,1.0
De'Aaron Fox,2024-03-20,28,20,4,3.0,1.0
De'Aaron Fox,2024-03-25,37,23,8,0.0,1.0
De'Aaron Fox,2024-04-04,39,29,7,4.0,1.0
De'Aaron Fox,2024-04-11,41,33,5,6.0,1.0
DeMar DeRozan,2023-10-27,41,33,4,2.0,1.0
DeMar DeRozan,2023-11-03,33,24,1,0.0,1.0
DeMar DeRozan,2023-11-12,37,29,1,0.0,1.0
DeMar DeRozan,2023-11-17,36,23,4,3.0,1.0
DeMar DeRozan,2023-12-11,42,41,2,2.0,1.0
DeMar DeRozan,2023-12-20,36,27,7,3.0,1.0
DeMar DeRozan,2024-01-02,30,16,4,1.0,1.0
DeMar DeRozan,2024-01-12,41,39,7,1.0,1.0
DeMar DeRozan,2024-01-30,42,25,2,5.0,1.0
DeMar DeRozan,2024-02-27,40,25,3,0.0,1.0
DeMar DeRozan,2024-03-06,38,29,6,2.0,1.0
DeMar DeRozan,2024-03-13,44,46,9,2.0,1.0
DeMar DeRozan,2024-03-31,39,27,2,4.0,1.0
Dejounte Murray,2023-10-29,30,15,1,3.0,1.0
Dejounte Murray,2023-11-14,37,32,5,2.0,1.0
Dejounte Murray,2023-11-21,34,28,3,5.0,1.0
Dejounte Murray,2023-11-25,27,11,5,0.0,1.0
Dejounte Murray,2023-12-15,33,17,7,1.0,1.0
Dejounte Murray,2023-12-22,34,24,8,2.0,1.0
Dejounte Murray,2024-01-12,32,29,4,3.0,1.0
Dejounte Murray,2024-01-19,40,22,3,2.0,1.0
Dejounte Murray,2024-02-02,39,22,8,1.0,1.0
Dejounte Murray,2024-03-05,37,21,9,1.0,1.0
Dejounte Murray,2024-03-17,34,21,2,4.0,1.0
Dejounte Murray,2024-03-27,36,30,3,1.0,1.0
Dejounte Murray,2024-04-03,35,24,4,5.0,1.0
Deni Avdija,2023-11-12,38,14,9,2.0,1.0
Deni Avdija,2023-11-24,28,2,5,0.0,1.0
Deni Avdija,2023-12-17,32,7,6,2.0,1.0
Deni Avdija,2023-12-21,35,13,11,2.0,1.0
Deni Avdija,2023-12-26,23,2,5,2.0,1.0
Deni Avdija,2024-01-05,26,13,5,3.0,1.0
Deni Avdija,2024-01-20,32,16,7,1.0,1.0
Deni Avdija,2024-01-24,38,24,6,2.0,1.0
Deni Avdija,2024-02-09,42,24,11,3.0,1.0
Deni Avdija,2024-02-29,43,15,15,2.0,1.0
Deni Avdija,2024-04-02,39,23,8,3.0,1.0
Devin Booker,2023-11-21,33,28,3,1.0,1.0
Devin Booker,2023-12-12,36,32,4,2.0,1.0
Devin Booker,2023-12-31,37,21,4,1.0,1.0
Devin Booker,2024-01-07,37,24,0,2.0,1.0
Devin Booker,2024-01-21,36,26,6,2.0,1.0
Devin Booker,2024-01-28,36,44,4,4.0,1.0
Devin Booker,2024-02-13,38,25,3,3.0,1.0
Devin Booker,2024-02-22,39,35,5,4.0,1.0
Devin Booker,2024-03-14,38,23,2,0.0,1.0
Devin Booker,2024-03-20,35,18,9,2.0,1.0
Devin Booker,2024-04-09,40,12,3,3.0,1.0
Devin Vassell,2023-11-30,27,25,4,2.0,1.0
Devin Vassell,2023-12-28,35,17,5,1.0,1.0
Devin Vassell,2024-01-12,26,12,3,2.0,1.0
Devin Vassell,2024-01-19,36,17,5,2.0,1.0
Devin Vassell,2024-01-26,32,15,4,1.0,1.0
Devin Vassell,2024-02-02,36,28,3,2.0,1.0
Devin Vassell,2024-02-07,32,19,3,2.0,1.0
Devin Vassell,2024-02-22,37,32,1,1.0,1.0
Devin Vassell,2024-03-11,37,17,1,2.0,1.0
Devin Vassell,2024-03-22,38,27,4,1.0,1.0
Domantas Sabonis,2023-11-19,35,32,13,1.0,1.0
Domantas Sabonis,2023-11-28,37,9,8,1.0,1.0
Domantas Sabonis,2023-12-11,34,15,16,4.0,1.0
Domantas Sabonis,2023-12-22,35,28,11,3.0,1.0
Domantas Sabonis,2024-01-02,35,23,19,11.0,1.0
Domantas Sabonis,2024-01-09,38,37,10,5.0,1.0
Domantas Sabonis,2024-02-02,35,26,11,4.0,1.0
Domantas Sabonis,2024-02-13,39,35,18,1.0,1.0
Domantas Sabonis,2024-02-25,36,17,15,1.0,1.0
Domantas Sabonis,2024-03-06,38,16,20,3.0,1.0
Domantas Sabonis,2024-03-12,34,22,11,0.0,1.0
Domantas Sabonis,2024-03-20,28,13,17,1.0,1.0
Domantas Sabonis,2024-03-25,33,11,13,3.0,1.0
Domantas Sabonis,2024-04-04,36,17,11,4.0,1.0
Domantas Sabonis,2024-04-11,35,18,10,4.0,1.0
Franz Wagner,2023-10-30,37,16,8,2.0,1.0
Franz Wagner,2023-11-14,36,21,8,0.0,1.0
Franz Wagner,2023-11-21,31,17,4,0.0,1.0
Franz Wagner,2023-12-01,34,31,7,0.0,1.0
Franz Wagner,2023-12-20,32,15,6,0.0,1.0
Franz Wagner,2023-12-26,38,28,8,2.0,1.0
Franz Wagner,2024-01-02,37,25,6,4.0,1.0
Franz Wagner,2024-01-21,28,19,2,0.0,1.0
Franz Wagner,2024-01-28,31,11,8,2.0,1.0
Franz Wagner,2024-02-13,34,15,7,2.0,1.0
Franz Wagner,2024-02-24,32,14,5,5.0,1.0
Franz Wagner,2024-03-05,30,8,3,4.0,1.0
Franz Wagner,2024-03-29,36,13,3,1.0,1.0
Giannis Antetokounmpo,2023-10-29,29,26,11,3.0,1.0
Giannis Antetokounmpo,2023-11-08,22,15,9,1.0,1.0
Giannis Antetokounmpo,2023-11-17,28,16,8,4.0,1.0
Giannis Antetokounmpo,2023-12-16,26,22,8,0.0,1.0
Giannis Antetokounmpo,2024-01-03,36,26,11,3.0,1.0
Giannis Antetokounmpo,2024-01-13,37,33,9,4.0,1.0
Giannis Antetokounmpo,2024-01-26,36,22,11,6.0,1.0
Giannis Antetokounmpo,2024-02-03,40,48,6,1.0,1.0
Giannis Antetokounmpo,2024-02-08,27,17,3,3.0,1.0
Giannis Antetokounmpo,2024-02-12,30,36,18,2.0,1.0
Giannis Antetokounmpo,2024-02-29,33,24,10,1.0,1.0
Giannis Antetokounmpo,2024-04-02,36,35,15,2.0,1.0
Isaiah Hartenstein,2023-10-27,10,8,2,1.0,1.0
Isaiah Hartenstein,2023-10-31,23,13,7,1.0,1.0
Isaiah Hartenstein,2023-11-12,18,6,6,2.0,1.0
Isaiah Hartenstein,2023-11-17,20,3,8,1.0,1.0
Isaiah Hartenstein,2023-11-30,17,2,3,2.0,1.0
Isaiah Hartenstein,2023-12-15,31,7,8,2.0,1.0
Isaiah Hartenstein,2023-12-29,25,7,3,2.0,1.0
Isaiah Hartenstein,2024-01-05,35,17,6,1.0,1.0
Isaiah Hartenstein,2024-01-17,41,7,11,2.0,1.0
Isaiah Hartenstein,2024-01-29,16,10,4,1.0,1.0
Isaiah Hartenstein,2024-04-04,29,7,7,0.0,1.0
Ivica Zubac,2023-10-31,23,9,9,1.0,1.0
Ivica Zubac,2023-11-24,22,11,5,4.0,1.0
Ivica Zubac,2023-11-29,30,14,8,0.0,1.0
Ivica Zubac,2023-12-11,33,18,6,0.0,1.0
Ivica Zubac,2023-12-20,25,12,9,1.0,1.0
Ivica Zubac,2024-01-07,37,22,19,2.0,1.0
Ivica Zubac,2024-02-22,29,13,12,1.0,1.0
Ivica Zubac,2024-03-03,19,2,2,1.0,1.0
Ivica Zubac,2024-03-09,25,16,9,1.0,1.0
Ivica Zubac,2024-03-14,32,6,8,2.0,1.0
Ivica Zubac,2024-03-24,29,13,10,0.0,1.0
Ivica Zubac,2024-04-04,35,14,15,0.0,1.0
Jabari Smith Jr.,2023-11-19,32,14,5,3.0,1.0
Jabari Smith Jr.,2023-11-28,37,16,9,1.0,1.0
Jabari Smith Jr.,2023-12-17,28,16,5,0.0,1.0
Jabari Smith Jr.,2023-12-22,31,21,8,1.0,1.0
Jabari Smith Jr.,2023-12-26,34,10,6,0.0,1.0
Jabari Smith Jr.,2024-01-05,32,16,9,4.0,1.0
Jabari Smith Jr.,2024-01-12,41,19,11,1.0,1.0
Jabari Smith Jr.,2024-02-09,33,12,10,2.0,1.0
Jabari Smith Jr.,2024-02-22,27,9,4,2.0,1.0
Jabari Smith Jr.,2024-03-05,25,2,3,0.0,1.0
Jabari Smith Jr.,2024-04-04,32,24,3,2.0,1.0
Jabari Smith Jr.,2024-04-11,26,7,3,0.0,1.0
Jabari Walker,2023-10-29,24,12,7,2.0,1.0
Jabari Walker,2023-11-14,21,12,8,0.0,1.0
Jabari Walker,2023-11-21,14,8,3,1.0,1.0
Jabari Walker,2023-11-26,16,4,3,1.0,1.0
Jabari Walker,2023-12-16,5,0,2,0.0,1.0
Jabari Walker,2023-12-28,30,6,9,1.0,1.0
Jabari Walker,2024-01-23,34,14,13,1.0,1.0
Jabari Walker,2024-01-28,24,7,6,3.0,1.0
Jabari Walker,2024-03-01,22,19,10,2.0,1.0
Jabari Walker,2024-03-22,28,14,8,0.0,1.0
Jabari Walker,2024-04-11,36,17,16,0.0,1.0
Jaden Ivey,2023-10-27,23,18,2,2.0,1.0
Jaden Ivey,2023-11-01,22,10,2,1.0,1.0
Jaden Ivey,2023-11-19,28,9,3,0.0,1.0
Jaden Ivey,2023-11-29,19,7,1,1.0,1.0
Jaden Ivey,2023-12-15,29,13,4,5.0,1.0
Jaden Ivey,2024-01-09,33,22,5,4.0,1.0
Jaden Ivey,2024-01-27,26,10,4,3.0,1.0
Jaden Ivey,2024-02-07,38,37,6,5.0,1.0
Jaden Ivey,2024-02-13,29,15,2,2.0,1.0
Jaden Ivey,2024-02-26,24,14,2,1.0,1.0
Jaden Ivey,2024-03-17,24,10,1,2.0,1.0
Jaden Ivey,2024-03-24,29,16,2,4.0,1.0
Jaden Ivey,2024-04-05,32,31,3,4.0,1.0
Jaden Ivey,2024-04-11,31,16,2,4.0,1.0
Jalen Brunson,2023-10-27,33,31,3,2.0,1.0
Jalen Brunson,2023-10-31,34,19,5,5.0,1.0
Jalen Brunson,2023-11-12,27,20,1,1.0,1.0
Jalen Brunson,2023-11-17,34,32,7,0.0,1.0
Jalen Brunson,2023-11-30,40,42,6,1.0,1.0
Jalen Brunson,2023-12-15,35,50,6,2.0,1.0
Jalen Brunson,2023-12-29,34,20,7,3.0,1.0
Jalen Brunson,2024-01-05,32,29,3,0.0,1.0
Jalen Brunson,2024-01-17,37,30,3,2.0,1.0
Jalen Brunson,2024-01-29,34,32,4,2.0,1.0
Jalen Brunson,2024-04-04,38,35,2,3.0,1.0
Jalen Brunson,2024-04-11,30,39,2,2.0,1.0
Jalen Duren,2023-10-27,35,14,17,5.0,1.0
Jalen Duren,2023-11-29,18,6,7,2.0,1.0
Jalen Duren,2024-01-09,24,16,10,3.0,1.0
Jalen Duren,2024-01-27,36,10,18,1.0,1.0
Jalen Duren,2024-02-07,37,20,15,3.0,1.0
Jalen Duren,2024-02-13,23,8,8,1.0,1.0
Jalen Duren,2024-02-26,31,11,16,0.0,1.0
Jalen Duren,2024-03-17,29,11,10,2.0,1.0
Jalen Green,2023-11-19,31,9,6,4.0,1.0
Jalen Green,2023-11-28,34,12,3,2.0,1.0
Jalen Green,2023-12-17,29,16,2,1.0,1.0
Jalen Green,2023-12-22,27,17,6,4.0,1.0
Jalen Green,2023-12-26,20,5,1,0.0,1.0
Jalen Green,2024-01-05,31,20,5,2.0,1.0
Jalen Green,2024-01-12,39,28,4,1.0,1.0
Jalen Green,2024-01-20,28,7,3,1.0,1.0
Jalen Green,2024-01-26,28,36,10,3.0,1.0
Jalen Green,2024-02-09,22,7,2,4.0,1.0
Jalen Green,2024-02-22,24,10,4,1.0,1.0
Jalen Green,2024-03-05,39,23,2,0.0,1.0
Jalen Green,2024-04-04,30,13,4,4.0,1.0
Jalen Green,2024-04-11,19,3,1,3.0,1.0
Jalen Williams,2023-10-29,28,13,3,0.0,1.0
Jalen Williams,2023-12-26,26,21,1,1.0,1.0
Jalen Williams,2024-01-02,31,16,1,5.0,1.0
Jalen Williams,2024-01-10,35,19,9,1.0,1.0
Jalen Williams,2024-01-15,35,25,3,1.0,1.0
Jalen Williams,2024-01-23,32,19,4,0.0,1.0
Jalen Williams,2024-01-28,28,20,1,0.0,1.0
Jalen Williams,2024-02-10,27,9,3,2.0,1.0
Jalen Williams,2024-02-22,36,18,4,1.0,1.0
Jalen Williams,2024-03-03,33,22,4,1.0,1.0
Jalen Williams,2024-03-26,34,26,2,2.0,1.0
Jalen Williams,2024-04-09,36,11,6,2.0,1.0
Jamal Murray,2023-10-29,30,19,2,4.0,1.0
Jamal Murray,2023-11-03,39,18,2,2.0,1.0
Jamal Murray,2023-12-22,34,32,5,1.0,1.0
Jamal Murray,2023-12-28,26,23,3,1.0,1.0
Jamal Murray,2024-01-04,32,25,2,0.0,1.0
Jamal Murray,2024-02-08,36,29,7,3.0,1.0
Jamal Murray,2024-02-28,33,32,3,5.0,1.0
Jamal Murray,2024-04-09,27,28,2,1.0,1.0
James Harden,2023-11-24,37,8,5,3.0,1.0
James Harden,2023-11-29,39,26,3,2.0,1.0
James Harden,2023-12-11,37,20,7,3.0,1.0
James Harden,2023-12-20,39,17,5,4.0,1.0
James Harden,2024-01-07,39,15,4,5.0,1.0
James Harden,2024-01-26,35,22,10,1.0,1.0
James Harden,2024-02-04,42,21,8,4.0,1.0
James Harden,2024-02-22,29,17,6,3.0,1.0
James Harden,2024-03-03,34,4,5,1.0,1.0
James Harden,2024-03-09,34,14,11,1.0,1.0
James Harden,2024-03-24,34,12,4,2.0,1.0
James Harden,2024-04-04,38,20,6,1.0,1.0
Jaren Jackson Jr.,2023-10-27,28,21,9,0.0,1.0
Jaren Jackson Jr.,2023-11-18,27,27,5,2.0,1.0
Jaren Jackson Jr.,2023-12-01,14,4,4,1.0,1.0
Jaren Jackson Jr.,2023-12-18,25,11,5,2.0,1.0
Jaren Jackson Jr.,2023-12-28,28,14,4,0.0,1.0
Jaren Jackson Jr.,2024-01-02,32,10,7,1.0,1.0
Jaren Jackson Jr.,2024-01-28,32,25,5,4.0,1.0
Jaren Jackson Jr.,2024-02-01,34,25,5,5.0,1.0
Jarrett Allen,2023-11-21,35,26,13,2.0,1.0
Jarrett Allen,2023-11-25,37,21,14,2.0,1.0
Jarrett Allen,2023-12-11,15,4,7,1.0,1.0
Jarrett Allen,2023-12-20,30,17,8,2.0,1.0
Jarrett Allen,2024-01-31,30,14,11,1.0,1.0
Jarrett Allen,2024-02-07,37,12,9,3.0,1.0
Jarrett Allen,2024-02-22,34,18,10,2.0,1.0
Jarrett Allen,2024-02-27,33,19,9,1.0,1.0
Jarrett Allen,2024-03-05,35,21,12,0.0,1.0
Jarrett Allen,2024-03-10,29,15,9,1.0,1.0
Jarrett Allen,2024-03-24,22,9,4,2.0,1.0
Jarrett Allen,2024-04-02,33,21,12,0.0,1.0
Jarrett Allen,2024-04-06,34,12,12,1.0,1.0
Jaylen Brown,2023-11-10,29,28,3,3.0,1.0
Jaylen Brown,2023-11-19,34,12,6,2.0,1.0
Jaylen Brown,2023-12-14,36,22,5,2.0,1.0
Jaylen Brown,2023-12-19,41,28,8,4.0,1.0
Jaylen Brown,2024-01-05,27,13,3,3.0,1.0
Jaylen Brown,2024-01-10,43,35,11,2.0,1.0
Jaylen Brown,2024-01-21,31,13,11,3.0,1.0
Jaylen Brown,2024-01-29,37,22,11,0.0,1.0
Jayson Tatum,2023-11-10,33,23,10,2.0,1.0
Jayson Tatum,2023-11-19,35,20,9,8.0,1.0
Jayson Tatum,2023-12-14,36,27,11,3.0,1.0
Jayson Tatum,2024-01-05,25,30,9,1.0,1.0
Jayson Tatum,2024-01-10,42,45,4,1.0,1.0
Jayson Tatum,2024-01-21,35,18,7,2.0,1.0
Jayson Tatum,2024-01-29,38,28,10,7.0,1.0
Jayson Tatum,2024-02-13,39,41,14,2.0,1.0
Jayson Tatum,2024-03-11,36,26,5,1.0,1.0
Jeremy Sochan,2023-11-05,29,4,4,3.0,1.0
Jeremy Sochan,2023-11-17,37,8,8,2.0,1.0
Jeremy Sochan,2023-11-30,36,33,8,5.0,1.0
Jeremy Sochan,2023-12-28,31,16,7,2.0,1.0
Jeremy Sochan,2024-01-12,26,13,6,1.0,1.0
Jeremy Sochan,2024-01-19,34,11,8,3.0,1.0
Jeremy Sochan,2024-01-26,32,31,14,2.0,1.0
Jeremy Sochan,2024-02-02,31,15,16,3.0,1.0
Jeremy Sochan,2024-02-07,29,6,5,2.0,1.0
Jeremy Sochan,2024-02-22,36,16,8,2.0,1.0
Jeremy Sochan,2024-03-11,28,9,7,1.0,1.0
Jeremy Sochan,2024-03-22,31,6,10,4.0,1.0
Jimmy Butler,2023-12-13,29,15,7,4.0,1.0
Jimmy Butler,2024-01-24,35,15,4,4.0,1.0
Jimmy Butler,2024-02-06,34,23,8,5.0,1.0
Jimmy Butler,2024-03-07,38,14,4,6.0,1.0
Jimmy Butler,2024-04-04,40,20,4,1.0,1.0
Jimmy Butler,2024-04-09,44,25,8,3.0,1.0
John Collins,2023-10-27,34,13,12,0.0,1.0
John Collins,2023-11-01,27,16,4,1.0,1.0
John Collins,2023-11-21,25,15,4,1.0,1.0
John Collins,2023-11-29,29,17,4,1.0,1.0
John Collins,2023-12-20,23,16,5,2.0,1.0
John Collins,2024-01-05,22,12,11,2.0,1.0
John Collins,2024-01-12,14,4,7,1.0,1.0
John Collins,2024-01-29,21,15,7,0.0,1.0
John Collins,2024-02-14,28,11,10,2.0,1.0
Jonas Valančiūnas,2023-11-01,21,19,9,0.0,1.0
Jonas Valančiūnas,2023-11-17,34,22,8,0.0,1.0
Jonas Valančiūnas,2023-11-24,28,12,8,1.0,1.0
Jonas Valančiūnas,2023-12-01,31,24,12,1.0,1.0
Jonas Valančiūnas,2024-01-02,20,11,12,1.0,1.0
Jonas Valančiūnas,2024-01-12,26,17,6,0.0,1.0
Jonas Valančiūnas,2024-01-26,20,14,9,2.0,1.0
Jonas Valančiūnas,2024-02-09,23,10,10,2.0,1.0
Jonas Valančiūnas,2024-02-22,27,20,14,1.0,1.0
Jonas Valančiūnas,2024-02-27,23,7,9,0.0,1.0
Jonas Valančiūnas,2024-03-15,18,4,6,0.0,1.0
Jonas Valančiūnas,2024-03-21,18,6,5,1.0,1.0
Jonas Valančiūnas,2024-04-11,33,13,10,2.0,1.0
Jordan Poole,2023-11-12,32,12,5,3.0,1.0
Jordan Poole,2023-12-17,32,14,4,4.0,1.0
Jordan Poole,2023-12-21,34,13,2,3.0,1.0
Jordan Poole,2023-12-26,33,30,2,3.0,1.0
Jordan Poole,2024-01-05,23,2,0,0.0,1.0
Jordan Poole,2024-01-20,29,16,0,1.0,1.0
Jordan Poole,2024-01-24,28,7,2,4.0,1.0
Jordan Poole,2024-02-09,37,19,2,3.0,1.0
Jordan Poole,2024-02-22,30,18,1,2.0,1.0
Jordan Poole,2024-02-29,38,34,3,3.0,1.0
Jordan Poole,2024-03-16,23,13,0,4.0,1.0
Jordan Poole,2024-04-02,35,16,4,3.0,1.0
Josh Giddey,2023-10-29,22,9,2,2.0,1.0
Josh Giddey,2023-11-18,22,11,5,0.0,1.0
Josh Giddey,2023-12-26,25,10,2,2.0,1.0
Josh Giddey,2024-01-02,27,23,8,3.0,1.0
Josh Giddey,2024-01-10,20,9,7,2.0,1.0
Josh Giddey,2024-01-15,22,8,5,0.0,1.0
Josh Giddey,2024-01-23,25,7,5,0.0,1.0
Josh Giddey,2024-01-28,27,12,9,2.0,1.0
Josh Giddey,2024-02-10,23,11,3,1.0,1.0
Josh Giddey,2024-02-22,23,12,5,3.0,1.0
Josh Giddey,2024-03-03,19,10,1,1.0,1.0
Josh Giddey,2024-03-26,31,25,9,3.0,1.0
Josh Giddey,2024-04-02,28,10,5,2.0,1.0
Josh Giddey,2024-04-09,21,4,4,4.0,1.0
Josh Hart,2023-10-27,22,4,3,0.0,1.0
Josh Hart,2023-10-31,28,5,7,1.0,1.0
Josh Hart,2023-11-12,27,6,4,0.0,1.0
Josh Hart,2023-11-17,32,9,5,1.0,1.0
Josh Hart,2023-11-30,32,7,7,1.0,1.0
Josh Hart,2023-12-15,29,6,2,0.0,1.0
Josh Hart,2023-12-29,31,5,4,2.0,1.0
Josh Hart,2024-01-05,30,10,15,2.0,1.0
Josh Hart,2024-01-29,39,8,12,1.0,1.0
Josh Hart,2024-02-26,42,23,8,1.0,1.0
Josh Hart,2024-04-04,43,31,9,4.0,1.0
Josh Hart,2024-04-11,32,16,16,1.0,1.0
Jusuf Nurkić,2023-11-04,23,11,9,0.0,1.0
Jusuf Nurkić,2023-11-21,29,18,12,3.0,1.0
Jusuf Nurkić,2023-12-01,33,31,6,6.0,1.0
Jusuf Nurkić,2023-12-12,31,17,13,1.0,1.0
Jusuf Nurkić,2023-12-31,33,19,13,1.0,1.0
Jusuf Nurkić,2024-01-07,32,18,19,2.0,1.0
Jusuf Nurkić,2024-01-21,19,4,13,6.0,1.0
Jusuf Nurkić,2024-02-13,25,9,9,1.0,1.0
Jusuf Nurkić,2024-03-02,17,7,10,1.0,1.0
Jusuf Nurkić,2024-03-14,31,8,20,2.0,1.0
Jusuf Nurkić,2024-03-20,31,10,14,4.0,1.0
Karl-Anthony Towns,2023-11-14,42,33,11,5.0,1.0
Karl-Anthony Towns,2023-12-20,38,23,13,4.0,1.0
Karl-Anthony Towns,2024-01-09,34,28,6,2.0,1.0
Karl-Anthony Towns,2024-01-17,31,27,6,1.0,1.0
Karl-Anthony Towns,2024-01-24,35,27,6,1.0,1.0
Karl-Anthony Towns,2024-02-12,27,24,4,1.0,1.0
Karl-Anthony Towns,2024-02-23,35,22,14,3.0,1.0
Karl-Anthony Towns,2024-03-03,34,18,9,3.0,1.0
Kawhi Leonard,2023-10-31,33,8,8,1.0,1.0
Kawhi Leonard,2023-11-24,34,20,8,1.0,1.0
Kawhi Leonard,2023-11-29,37,34,9,0.0,1.0
Kawhi Leonard,2023-12-11,39,34,6,1.0,1.0
Kawhi Leonard,2024-01-07,35,15,8,3.0,1.0
Kawhi Leonard,2024-01-26,31,16,7,1.0,1.0
Kawhi Leonard,2024-02-04,35,25,11,3.0,1.0
Kawhi Leonard,2024-02-22,31,20,3,2.0,1.0
Kawhi Leonard,2024-03-03,38,32,5,2.0,1.0
Kawhi Leonard,2024-03-14,34,27,5,3.0,1.0
Kawhi Leonard,2024-03-24,31,20,6,2.0,1.0
Kevin Durant,2023-11-04,36,31,8,5.0,1.0
Kevin Durant,2023-11-21,37,31,4,3.0,1.0
Kevin Durant,2023-12-01,36,30,4,1.0,1.0
Kevin Durant,2024-01-07,36,23,10,1.0,1.0
Kevin Durant,2024-01-21,40,40,9,2.0,1.0
Kevin Durant,2024-01-28,37,15,4,7.0,1.0
Kevin Durant,2024-02-13,38,28,11,3.0,1.0
Kevin Durant,2024-02-22,40,23,6,5.0,1.0
Kevin Durant,2024-03-02,39,30,9,6.0,1.0
Kevin Durant,2024-03-14,34,20,3,3.0,1.0
Kevin Durant,2024-03-20,36,22,8,4.0,1.0
Kevin Durant,2024-04-09,40,21,2,1.0,1.0
Keyonte George,2023-10-27,12,8,3,1.0,1.0
Keyonte George,2023-11-01,23,9,1,3.0,1.0
Keyonte George,2023-11-21,21,9,3,2.0,1.0
Keyonte George,2023-11-29,24,8,3,2.0,1.0
Keyonte George,2024-01-05,20,12,4,1.0,1.0
Keyonte George,2024-01-12,24,9,3,3.0,1.0
Keyonte George,2024-01-29,27,21,4,1.0,1.0
Keyonte George,2024-02-14,33,13,5,2.0,1.0
Keyonte George,2024-03-15,35,25,4,2.0,1.0
Keyonte George,2024-03-20,28,9,7,2.0,1.0
Keyonte George,2024-04-11,33,20,4,5.0,1.0
Kyle Kuzma,2023-11-12,31,15,4,1.0,1.0
Kyle Kuzma,2023-11-24,31,22,4,1.0,1.0
Kyle Kuzma,2023-12-17,34,17,7,2.0,1.0
Kyle Kuzma,2023-12-21,37,32,8,3.0,1.0
Kyle Kuzma,2023-12-26,36,17,4,6.0,1.0
Kyle Kuzma,2024-01-05,25,9,2,7.0,1.0
Kyle Kuzma,2024-01-20,29,11,12,2.0,1.0
Kyle Kuzma,2024-01-24,35,17,14,5.0,1.0
Kyle Kuzma,2024-02-09,37,17,4,0.0,1.0
Kyle Kuzma,2024-02-22,31,31,12,3.0,1.0
Kyle Kuzma,2024-02-29,37,20,10,2.0,1.0
Kyrie Irving,2023-11-05,34,18,3,2.0,1.0
Kyrie Irving,2023-11-18,34,39,4,2.0,1.0
Kyrie Irving,2024-02-05,35,23,5,1.0,1.0
Kyrie Irving,2024-02-27,39,30,6,3.0,1.0
Kyrie Irving,2024-03-13,35,23,8,1.0,1.0
Kyrie Irving,2024-03-25,36,27,3,2.0,1.0
Kyrie Irving,2024-04-04,35,26,5,4.0,1.0
Kyrie Irving,2024-04-09,37,18,8,2.0,1.0
LeBron James,2023-10-29,39,27,15,8.0,1.0
LeBron James,2023-11-14,23,16,9,4.0,1.0
LeBron James,2023-11-21,24,17,7,2.0,1.0
LeBron James,2023-11-29,29,25,8,1.0,1.0
LeBron James,2023-12-30,39,26,3,1.0,1.0
LeBron James,2024-01-29,37,23,6,1.0,1.0
LeBron James,2024-02-08,35,25,9,2.0,1.0
LeBron James,2024-02-28,37,34,6,3.0,1.0
LeBron James,2024-04-02,29,23,4,1.0,1.0
Luka Dončić,2023-11-05,36,23,12,4.0,1.0
Luka Dončić,2023-11-14,26,16,2,8.0,1.0
Luka Dončić,2023-11-18,35,35,9,3.0,1.0
Luka Dončić,2023-12-11,44,35,8,3.0,1.0
Luka Dončić,2024-01-26,45,73,10,4.0,1.0
Luka Dončić,2024-02-05,36,19,8,3.0,1.0
Luka Dončić,2024-02-27,41,45,9,1.0,1.0
Luka Dončić,2024-03-25,41,29,12,4.0,1.0
Luka Dončić,2024-04-09,35,39,12,4.0,1.0
Malik Monk,2023-11-19,18,12,2,2.0,1.0
Malik Monk,2023-11-28,26,21,3,3.0,1.0
Malik Monk,2023-12-11,28,21,2,2.0,1.0
Malik Monk,2024-01-02,20,6,3,1.0,1.0
Malik Monk,2024-01-09,28,20,2,3.0,1.0
Malik Monk,2024-02-02,27,23,5,1.0,1.0
Malik Monk,2024-02-13,33,22,4,5.0,1.0
Malik Monk,2024-02-25,28,12,2,1.0,1.0
Malik Monk,2024-03-06,32,26,5,3.0,1.0
Malik Monk,2024-03-12,28,25,5,0.0,1.0
Malik Monk,2024-03-20,20,17,2,3.0,1.0
Malik Monk,2024-03-25,26,11,4,1.0,1.0
Michael Porter Jr.,2023-10-29,25,20,9,1.0,1.0
Michael Porter Jr.,2023-11-03,34,24,9,1.0,1.0
Michael Porter Jr.,2023-11-19,27,21,6,2.0,1.0
Michael Porter Jr.,2023-11-26,33,25,7,3.0,1.0
Michael Porter Jr.,2023-12-01,37,19,10,2.0,1.0
Michael Porter Jr.,2023-12-11,26,3,7,1.0,1.0
Michael Porter Jr.,2023-12-22,34,15,4,1.0,1.0
Michael Porter Jr.,2023-12-28,23,8,4,2.0,1.0
Michael Porter Jr.,2024-01-04,30,8,4,0.0,1.0
Michael Porter Jr.,2024-02-22,31,22,11,2.0,1.0
Michael Porter Jr.,2024-02-28,24,14,5,3.0,1.0
Michael Porter Jr.,2024-04-09,29,12,5,0.0,1.0
Mikal Bridges,2023-11-03,33,20,2,0.0,1.0
Mikal Bridges,2023-11-25,33,24,6,3.0,1.0
Mikal Bridges,2023-12-13,39,21,3,0.0,1.0
Mikal Bridges,2023-12-22,29,14,3,3.0,1.0
Mikal Bridges,2023-12-26,40,21,4,3.0,1.0
Mikal Bridges,2024-01-02,29,13,3,4.0,1.0
Mikal Bridges,2024-02-05,43,13,6,3.0,1.0
Mikal Bridges,2024-02-13,40,27,2,2.0,1.0
Mikal Bridges,2024-02-26,31,11,3,1.0,1.0
Mikal Bridges,2024-03-04,39,14,5,3.0,1.0
Mikal Bridges,2024-03-09,41,19,2,1.0,1.0
Mikal Bridges,2024-03-16,29,7,7,1.0,1.0
Mikal Bridges,2024-03-31,38,13,3,1.0,1.0
Mikal Bridges,2024-04-06,31,13,2,3.0,1.0
Miles Bridges,2023-11-17,33,17,5,2.0,1.0
Miles Bridges,2023-12-15,39,27,10,3.0,1.0
Miles Bridges,2023-12-28,33,20,5,3.0,1.0
Miles Bridges,2024-01-01,36,26,9,2.0,1.0
Miles Bridges,2024-01-19,39,23,6,2.0,1.0
Miles Bridges,2024-01-26,36,21,7,4.0,1.0
Miles Bridges,2024-02-04,38,19,6,2.0,1.0
Miles Bridges,2024-02-09,31,11,5,1.0,1.0
Miles Bridges,2024-02-22,41,26,14,1.0,1.0
Miles Bridges,2024-02-29,39,15,10,4.0,1.0
Miles Bridges,2024-03-08,41,32,12,0.0,1.0
Miles Bridges,2024-03-15,38,17,10,2.0,1.0
Miles Bridges,2024-03-31,43,33,7,0.0,1.0
Miles Bridges,2024-04-09,36,22,5,2.0,1.0
Myles Turner,2023-11-03,31,27,9,3.0,1.0
Myles Turner,2023-11-08,23,22,6,0.0,1.0
Myles Turner,2023-11-21,25,11,9,1.0,1.0
Myles Turner,2023-12-15,20,6,4,1.0,1.0
Myles Turner,2023-12-20,25,18,6,1.0,1.0
Myles Turner,2024-01-05,22,27,5,1.0,1.0
Myles Turner,2024-01-14,26,12,4,3.0,1.0
Myles Turner,2024-01-18,32,18,2,1.0,1.0
Myles Turner,2024-01-25,27,20,9,1.0,1.0
Myles Turner,2024-02-25,30,33,8,4.0,1.0
Myles Turner,2024-03-12,30,24,3,1.0,1.0
Myles Turner,2024-03-24,28,20,5,1.0,1.0
Nic Claxton,2023-12-13,33,14,7,0.0,1.0
Nic Claxton,2023-12-22,28,10,16,1.0,1.0
Nic Claxton,2024-01-02,23,8,3,0.0,1.0
Nic Claxton,2024-02-05,32,15,5,0.0,1.0
Nic Claxton,2024-02-13,28,10,8,1.0,1.0
Nic Claxton,2024-02-26,21,10,4,1.0,1.0
Nic Claxton,2024-03-04,33,21,6,1.0,1.0
Nic Claxton,2024-03-09,34,14,10,3.0,1.0
Nic Claxton,2024-03-16,25,9,10,0.0,1.0
Nic Claxton,2024-03-31,26,10,6,3.0,1.0
Nick Richards,2023-11-04,18,10,10,1.0,1.0
Nick Richards,2023-12-15,30,16,6,0.0,1.0
Nick Richards,2023-12-28,26,11,10,0.0,1.0
Nick Richards,2024-01-01,30,15,8,0.0,1.0
Nick Richards,2024-01-26,27,14,7,0.0,1.0
Nick Richards,2024-02-04,33,12,10,5.0,1.0
Nick Richards,2024-02-09,30,16,11,2.0,1.0
Nick Richards,2024-02-22,28,8,10,0.0,1.0
Nick Richards,2024-02-29,27,9,8,1.0,1.0
Nick Richards,2024-03-08,30,10,13,2.0,1.0
Nick Richards,2024-03-15,28,2,15,0.0,1.0
Nick Richards,2024-04-09,20,8,7,2.0,1.0
Nikola Jokić,2023-10-29,30,28,14,4.0,1.0
Nikola Jokić,2023-11-03,36,33,14,4.0,1.0
Nikola Jokić,2023-11-19,28,18,10,3.0,1.0
Nikola Jokić,2023-12-01,35,21,5,3.0,1.0
Nikola Jokić,2023-12-11,36,25,8,1.0,1.0
Nikola Jokić,2023-12-22,34,31,11,0.0,1.0
Nikola Jokić,2023-12-28,30,26,14,3.0,1.0
Nikola Jokić,2024-01-04,38,34,9,4.0,1.0
Nikola Jokić,2024-02-08,36,24,13,6.0,1.0
Nikola Jokić,2024-02-22,31,21,19,3.0,1.0
Nikola Jokić,2024-02-28,32,14,14,2.0,1.0
Nikola Jokić,2024-04-09,34,28,13,5.0,1.0
Nikola Vučević,2023-10-27,40,11,12,3.0,1.0
Nikola Vučević,2023-11-03,36,13,13,0.0,1.0
Nikola Vučević,2023-11-12,33,21,12,1.0,1.0
Nikola Vučević,2023-11-17,30,10,10,1.0,1.0
Nikola Vučević,2023-12-11,39,14,10,1.0,1.0
Nikola Vučević,2023-12-20,31,13,10,1.0,1.0
Nikola Vučević,2024-01-12,33,14,7,3.0,1.0
Nikola Vučević,2024-01-30,36,14,9,1.0,1.0
Nikola Vučević,2024-02-27,37,25,10,1.0,1.0
Nikola Vučević,2024-03-06,31,23,12,1.0,1.0
Nikola Vučević,2024-03-13,43,12,12,1.0,1.0
Nikola Vučević,2024-03-31,33,19,8,2.0,1.0
Paolo Banchero,2023-10-30,30,9,5,2.0,1.0
Paolo Banchero,2023-11-14,35,19,6,2.0,1.0
Paolo Banchero,2023-11-21,32,25,5,3.0,1.0
Paolo Banchero,2023-12-01,38,28,13,2.0,1.0
Paolo Banchero,2023-12-20,34,10,8,3.0,1.0
Paolo Banchero,2023-12-26,38,24,3,3.0,1.0
Paolo Banchero,2024-01-02,34,27,12,5.0,1.0
Paolo Banchero,2024-01-12,36,25,8,4.0,1.0
Paolo Banchero,2024-01-21,31,20,10,2.0,1.0
Paolo Banchero,2024-01-28,36,26,4,2.0,1.0
Paolo Banchero,2024-02-13,35,23,6,4.0,1.0
Paolo Banchero,2024-03-05,33,22,5,5.0,1.0
Paolo Banchero,2024-03-29,38,23,8,7.0,1.0
Paolo Banchero,2024-04-09,36,21,7,4.0,1.0
Pascal Siakam,2023-10-27,41,18,8,3.0,1.0
Pascal Siakam,2023-11-01,33,26,6,3.0,1.0
Pascal Siakam,2023-11-21,30,16,2,2.0,1.0
Pascal Siakam,2023-11-28,35,17,10,2.0,1.0
Pascal Siakam,2023-12-22,36,31,5,2.0,1.0
Pascal Siakam,2023-12-29,41,27,5,1.0,1.0
Pascal Siakam,2024-01-25,30,26,13,2.0,1.0
Pascal Siakam,2024-02-01,35,18,7,5.0,1.0
Pascal Siakam,2024-02-25,29,12,9,0.0,1.0
Pascal Siakam,2024-03-12,32,18,11,0.0,1.0
Pascal Siakam,2024-03-24,33,36,12,1.0,1.0
Paul George,2023-10-31,33,27,7,3.0,1.0
Paul George,2023-11-24,39,34,8,2.0,1.0
Paul George,2023-11-29,40,19,3,1.0,1.0
Paul George,2023-12-11,41,20,8,1.0,1.0
Paul George,2024-01-07,38,22,4,3.0,1.0
Paul George,2024-01-26,28,21,2,2.0,1.0
Paul George,2024-02-04,33,15,7,4.0,1.0
Paul George,2024-02-22,36,14,7,0.0,1.0
Paul George,2024-03-03,34,15,4,3.0,1.0
Paul George,2024-03-14,35,28,5,1.0,1.0
Paul George,2024-03-24,34,18,3,5.0,1.0
Paul George,2024-04-04,37,28,4,3.0,1.0
Precious Achiuwa,2023-10-27,23,8,9,3.0,1.0
Precious Achiuwa,2023-11-28,10,1,3,1.0,1.0
Precious Achiuwa,2023-12-22,16,4,6,1.0,1.0
Precious Achiuwa,2024-01-05,13,5,3,1.0,1.0
Precious Achiuwa,2024-01-17,6,0,4,0.0,1.0
Precious Achiuwa,2024-01-29,33,9,5,0.0,1.0
Precious Achiuwa,2024-02-26,34,4,11,2.0,1.0
Precious Achiuwa,2024-04-04,9,0,3,1.0,1.0
Precious Achiuwa,2024-04-11,16,2,5,1.0,1.0
RJ Barrett,2023-10-27,34,26,3,3.0,1.0
RJ Barrett,2023-11-30,24,15,1,2.0,1.0
RJ Barrett,2023-12-15,29,21,2,1.0,1.0
RJ Barrett,2024-01-09,35,23,10,3.0,1.0
RJ Barrett,2024-01-17,36,26,8,0.0,1.0
RJ Barrett,2024-02-09,36,21,5,2.0,1.0
Rudy Gobert,2023-11-14,35,9,13,2.0,1.0
Rudy Gobert,2023-12-20,24,8,9,0.0,1.0
Rudy Gobert,2024-01-17,38,19,16,1.0,1.0
Rudy Gobert,2024-01-24,35,19,16,0.0,1.0
Rudy Gobert,2024-02-12,33,17,11,2.0,1.0
Rudy Gobert,2024-02-27,39,13,17,1.0,1.0
Rudy Gobert,2024-03-03,40,12,16,1.0,1.0
Rudy Gobert,2024-03-07,40,18,14,2.0,1.0
Rudy Gobert,2024-04-02,35,12,14,1.0,1.0
Rudy Gobert,2024-04-09,38,19,16,1.0,1.0
Russell Westbrook,2023-10-31,33,18,6,3.0,1.0
Russell Westbrook,2023-11-24,14,3,4,0.0,1.0
Russell Westbrook,2023-11-29,19,9,5,1.0,1.0
Russell Westbrook,2023-12-11,16,12,2,4.0,1.0
Russell Westbrook,2023-12-20,23,10,6,2.0,1.0
Russell Westbrook,2024-01-07,19,7,1,0.0,1.0
Russell Westbrook,2024-01-26,26,20,5,0.0,1.0
Russell Westbrook,2024-02-04,15,5,1,3.0,1.0
Russell Westbrook,2024-02-22,16,2,1,1.0,1.0
Russell Westbrook,2024-04-04,24,12,6,2.0,1.0
Saddiq Bey,2023-10-29,31,13,9,1.0,1.0
Saddiq Bey,2023-11-14,27,19,4,1.0,1.0
Saddiq Bey,2023-11-21,31,12,10,0.0,1.0
Saddiq Bey,2023-11-25,32,13,9,1.0,1.0
Saddiq Bey,2023-12-15,37,10,10,1.0,1.0
Saddiq Bey,2023-12-22,40,16,10,2.0,1.0
Saddiq Bey,2024-02-09,34,18,11,0.0,1.0
Saddiq Bey,2024-03-05,36,17,9,1.0,1.0
Scoot Henderson,2023-10-29,27,4,1,4.0,1.0
Scoot Henderson,2023-11-26,27,13,4,2.0,1.0
Scoot Henderson,2023-12-16,24,13,3,3.0,1.0
Scoot Henderson,2023-12-28,36,25,3,6.0,1.0
Scoot Henderson,2024-01-11,31,13,6,3.0,1.0
Scoot Henderson,2024-01-23,26,19,4,1.0,1.0
Scoot Henderson,2024-01-28,22,4,4,2.0,1.0
Scoot Henderson,2024-03-13,17,2,1,3.0,1.0
Scoot Henderson,2024-03-22,35,24,4,4.0,1.0
Scoot Henderson,2024-04-11,40,18,3,9.0,1.0
Scottie Barnes,2023-10-27,39,22,10,7.0,1.0
Scottie Barnes,2023-11-01,29,21,12,3.0,1.0
Scottie Barnes,2023-11-21,30,14,8,5.0,1.0
Scottie Barnes,2023-11-28,36,17,11,1.0,1.0
Scottie Barnes,2023-12-22,35,12,7,3.0,1.0
Scottie Barnes,2023-12-29,38,30,10,2.0,1.0
Scottie Barnes,2024-01-09,40,26,3,2.0,1.0
Scottie Barnes,2024-01-17,34,20,5,5.0,1.0
Scottie Barnes,2024-02-04,48,19,7,3.0,1.0
Scottie Barnes,2024-02-09,35,13,10,1.0,1.0
Scottie Barnes,2024-02-22,31,18,12,4.0,1.0
Shai Gilgeous-Alexander,2023-10-29,28,7,4,0.0,1.0
Shai Gilgeous-Alexander,2023-11-18,41,40,7,3.0,1.0
Shai Gilgeous-Alexander,2023-12-26,33,34,6,3.0,1.0
Shai Gilgeous-Alexander,2024-01-02,37,36,6,0.0,1.0
Shai Gilgeous-Alexander,2024-01-10,34,28,2,3.0,1.0
Shai Gilgeous-Alexander,2024-01-15,34,24,3,3.0,1.0
Shai Gilgeous-Alexander,2024-01-23,35,33,6,3.0,1.0
Shai Gilgeous-Alexander,2024-01-28,29,31,5,3.0,1.0
Shai Gilgeous-Alexander,2024-02-10,29,25,6,3.0,1.0
Shai Gilgeous-Alexander,2024-02-22,35,31,4,2.0,1.0
Shai Gilgeous-Alexander,2024-03-03,38,35,8,1.0,1.0
Shai Gilgeous-Alexander,2024-04-09,38,40,7,5.0,1.0
Stephen Curry,2023-10-29,31,24,7,1.0,1.0
Stephen Curry,2023-11-05,31,28,2,6.0,1.0
Stephen Curry,2023-11-11,33,30,3,4.0,1.0
Stephen Curry,2023-12-16,35,37,3,3.0,1.0
Stephen Curry,2023-12-22,27,30,4,2.0,1.0
Stephen Curry,2024-01-04,35,30,4,2.0,1.0
Stephen Curry,2024-01-24,31,25,3,1.0,1.0
Stephen Curry,2024-02-02,32,20,6,3.0,1.0
Stephen Curry,2024-02-07,25,9,3,4.0,1.0
Stephen Curry,2024-02-14,35,41,4,4.0,1.0
Stephen Curry,2024-02-22,32,32,1,1.0,1.0
Stephen Curry,2024-02-29,32,31,11,3.0,1.0
Stephen Curry,2024-03-06,31,29,8,2.0,1.0
Stephen Curry,2024-03-26,31,17,2,1.0,1.0
Stephen Curry,2024-04-04,31,29,6,3.0,1.0
Stephen Curry,2024-04-11,36,22,7,2.0,1.0
Terry Rozier,2023-12-15,39,30,4,2.0,1.0
Terry Rozier,2023-12-28,32,18,6,4.0,1.0
Terry Rozier,2024-01-19,34,17,6,3.0,1.0
Terry Rozier,2024-01-24,29,9,4,3.0,1.0
Terry Rozier,2024-02-06,31,18,6,1.0,1.0
Terry Rozier,2024-03-07,40,27,6,0.0,1.0
Terry Rozier,2024-03-17,36,17,6,0.0,1.0
Terry Rozier,2024-04-04,33,22,2,3.0,1.0
Tobias Harris,2023-10-28,36,15,2,2.0,1.0
Tobias Harris,2023-11-14,37,22,7,1.0,1.0
Tobias Harris,2023-11-21,43,23,2,0.0,1.0
Tobias Harris,2023-12-15,24,13,7,2.0,1.0
Tobias Harris,2023-12-29,35,22,4,3.0,1.0
Tobias Harris,2024-01-15,31,10,3,1.0,1.0
Tobias Harris,2024-01-19,35,12,6,0.0,1.0
Tobias Harris,2024-01-29,20,9,4,0.0,1.0
Tobias Harris,2024-02-09,39,21,6,1.0,1.0
Tobias Harris,2024-02-22,27,7,4,0.0,1.0
Tobias Harris,2024-03-05,37,18,9,2.0,1.0
Tobias Harris,2024-03-24,38,24,4,3.0,1.0
Trae Young,2023-10-29,32,20,3,3.0,1.0
Trae Young,2023-11-21,39,38,1,3.0,1.0
Trae Young,2023-11-25,30,26,6,2.0,1.0
Trae Young,2023-12-15,36,38,5,8.0,1.0
Trae Young,2023-12-22,40,30,3,6.0,1.0
Trae Young,2024-01-12,30,13,3,5.0,1.0
Trae Young,2024-02-02,42,32,1,7.0,1.0
Trae Young,2024-02-09,40,37,1,7.0,1.0
Tyrese Haliburton,2023-11-03,34,18,2,4.0,1.0
Tyrese Haliburton,2023-11-08,31,16,6,2.0,1.0
Tyrese Haliburton,2023-11-21,39,37,5,6.0,1.0
Tyrese Haliburton,2023-12-20,28,19,3,4.0,1.0
Tyrese Haliburton,2024-01-05,25,10,8,2.0,1.0
Tyrese Haliburton,2024-02-01,22,15,4,1.0,1.0
Tyrese Haliburton,2024-02-25,31,17,3,1.0,1.0
Tyrese Haliburton,2024-03-12,36,18,4,4.0,1.0
Tyrese Haliburton,2024-03-24,33,12,6,1.0,1.0
Tyrese Maxey,2023-10-28,41,34,6,1.0,1.0
Tyrese Maxey,2023-11-14,38,27,4,4.0,1.0
Tyrese Maxey,2023-11-21,47,30,4,1.0,1.0
Tyrese Maxey,2023-12-15,27,19,1,1.0,1.0
Tyrese Maxey,2023-12-29,41,42,4,1.0,1.0
Tyrese Maxey,2024-01-05,36,27,4,1.0,1.0
Tyrese Maxey,2024-01-15,35,27,1,2.0,1.0
Tyrese Maxey,2024-01-19,34,32,3,2.0,1.0
Tyrese Maxey,2024-02-22,40,35,6,4.0,1.0
Tyrese Maxey,2024-03-24,44,24,1,0.0,1.0
Tyrese Maxey,2024-04-06,25,7,1,0.0,1.0
Victor Wembanyama,2023-11-05,38,20,9,2.0,1.0
Victor Wembanyama,2023-11-17,30,27,9,4.0,1.0
Victor Wembanyama,2024-01-26,29,23,12,7.0,1.0
Victor Wembanyama,2024-02-02,28,16,14,6.0,1.0
Victor Wembanyama,2024-02-07,28,18,13,3.0,1.0
Victor Wembanyama,2024-02-22,31,19,13,1.0,1.0
Victor Wembanyama,2024-03-11,31,27,14,3.0,1.0
Victor Wembanyama,2024-03-22,33,31,16,7.0,1.0
Walker Kessler,2023-10-27,21,7,4,0.0,1.0
Walker Kessler,2023-11-01,18,4,4,0.0,1.0
Walker Kessler,2023-11-29,28,9,8,1.0,1.0
Walker Kessler,2023-12-13,23,9,9,2.0,1.0
Walker Kessler,2023-12-20,30,10,5,2.0,1.0
Walker Kessler,2024-01-05,14,4,7,0.0,1.0
Walker Kessler,2024-01-12,20,12,6,0.0,1.0
Walker Kessler,2024-01-29,19,11,7,0.0,1.0
Walker Kessler,2024-02-14,28,12,7,2.0,1.0
Walker Kessler,2024-03-15,26,6,9,2.0,1.0
Walker Kessler,2024-03-20,23,4,8,2.0,1.0
Zion Williamson,2023-12-01,26,12,4,1.0,1.0
Zion Williamson,2024-01-02,26,10,3,4.0,1.0
Zion Williamson,2024-02-22,35,27,3,3.0,1.0
Zion Williamson,2024-02-27,29,21,5,6.0,1.0
Zion Williamson,2024-03-15,35,34,7,3.0,1.0
Zion Williamson,2024-03-21,29,20,7,8.0,1.0
Zion Williamson,2024-04-11,31,31,4,4.0,1.0
